id,name,rating,review,price_level,category,services,address,open_hours,phone,latitude,longitude,url,cluster,source_category,source_file,source_table,rejection_reason
310,Kesehatan dan kecantikan,0.0,0,0,,[],"Bengkong indah 2 blok h no 152, Bengkong Indah, Kec. Bengkong, Kota Batam, Kepulauan Riau 29444, Indonesia",[],+62 823-8581-4321,1.1469032,104.0260769,https://www.google.com/maps/place/Kesehatan+dan+kecantikan/data=!4m7!3m6!1s0x31d989bb2d907b3b:0xbd3d0dea4ae58203!8m2!3d1.1469032!4d104.0260769!16s%2Fg%2F11h07psqp5!19sChIJO3uQLbuJ2TERA4LlSuoNPb0?authuser=0&hl=en&rclk=1,5.0,Healthcare,Indonesia.Batam.Kesehatan.202408050759.db,places,null_required_column
902,Puskesmas Pembantu Sei Pelungut,0.0,0,0,,[],"2XJ5+7H5, Jl. Kav Flamboyan, Sungai Pelunggut, Kec. Sagulung, Kota Batam, Kepulauan Riau 29439, Indonesia",[],,1.030626,103.9589819,https://www.google.com/maps/place/Puskesmas+Pembantu+Sei+Pelungut/data=!4m7!3m6!1s0x31d98d7f169f7d49:0x8cb78d6bf9da53c6!8m2!3d1.030626!4d103.9589819!16s%2Fg%2F11byp67y7x!19sChIJSX2fFn-N2TERxlPa-WuNt4w?authuser=0&hl=en&rclk=1,5.0,Healthcare,Indonesia.Batam.Kesehatan.202408050759.db,places,null_required_column
1279,Homestay Rumah Cantik,2.1,8,0,,[],"Tiban bukit Asri blok B no 1-3, Tiban Baru, Kec. Sekupang, Kota Batam, Kepulauan Riau 29424, Indonesia",[],,1.1085775,103.962102,https://www.google.com/maps/place/Homestay+Rumah+Cantik/data=!4m7!3m6!1s0x31d98b81fdaf1c19:0x860faf4c1f9182b0!8m2!3d1.1085775!4d103.962102!16s%2Fg%2F11gc883q4v!19sChIJGRyv_YGL2TERsIKRH0yvD4Y?authuser=0&hl=en&rclk=1,5.0,Healthcare,Indonesia.Batam.Kesehatan.202408050759.db,places,null_required_column
1638,Pelita,4.7,12,0,,[],"42RC+V4V, Kampung Pelita, Lubuk Baja, Batam City, Riau Islands 29444, Indonesia",[],,1.1422386,104.0202948,https://www.google.com/maps/place/Pelita/data=!4m7!3m6!1s0x31d989120e4517b5:0x5a8c566d753f24d8!8m2!3d1.1422386!4d104.0202948!16s%2Fg%2F11h7pscjp7!19sChIJtRdFDhKJ2TER2CQ_dW1WjFo?authuser=0&hl=en&rclk=1,5.0,Healthcare,Indonesia.Batam.Kesehatan.202408050759.db,places,null_required_column
1677,Pelita Medical Centre,3.8,4,0,,[],"Kampung Durian, Blok A No. 1-3, Sungai Panas, Bengkong, Sungai Panas, Kec. Batam Kota, Kota Batam, Kepulauan Riau 29433, Indonesia",[],,1.1377583,104.0330889,https://www.google.com/maps/place/Pelita+Medical+Centre/data=!4m7!3m6!1s0x31d9890a8bc26bd5:0xd632d6a451612a77!8m2!3d1.1377583!4d104.0330889!16s%2Fg%2F11btmq2wjd!19sChIJ1WvCiwqJ2TERdyphUaTWMtY?authuser=0&hl=en&rclk=1,5.0,Healthcare,Indonesia.Batam.Kesehatan.202408050759.db,places,null_required_column
1745,The Hills Hotel Batam,4.1,715,0,,[],"Jl. Teuku Umar No.1, Kp. Seraya, Kec. Lubuk Baja, Kota Batam, Kepulauan Riau 29444, Indonesia",[],+62 812-6882-8585,1.1484868,104.0128208,https://www.google.com/maps/place/The+Hills+Hotel+Batam/data=!4m7!3m6!1s0x31d98ebffdf55535:0x7277fbfdbc2ea8e1!8m2!3d1.1484868!4d104.0128208!16s%2Fg%2F11bc7tj4yt!19sChIJNVX1_b-O2TER4aguvP37d3I?authuser=0&hl=en&rclk=1,5.0,Healthcare,Indonesia.Batam.Kesehatan.202408050759.db,places,null_required_column
1747,Lubuk baja,0.0,0,0,,[],"Jl. Kakak Tua No.18, Batu Selicin, Kec. Lubuk Baja, Kota Batam, Kepulauan Riau 29444, Indonesia",[],,1.1364535,104.0110336,https://www.google.com/maps/place/Lubuk+baja/data=!4m7!3m6!1s0x31d98900141ca6ab:0x539d0c967703685e!8m2!3d1.1364535!4d104.0110336!16s%2Fg%2F11w4thl1rb!19sChIJq6YcFACJ2TERXmgDd5YMnVM?authuser=0&hl=en&rclk=1,5.0,Healthcare,Indonesia.Batam.Kesehatan.202408050759.db,places,null_required_column
1910,Grand Eska Hotel & Suites Batam,4.4,325,0,,[],"Jl. Prambanan No.1, Sungai Jodoh, Kec. Batu Ampar, Kota Batam, Kepulauan Riau 29444, Indonesia",[],+62 811-6915-353,1.1530997,104.0080091,https://www.google.com/maps/place/Grand+Eska+Hotel+%26+Suites+Batam/data=!4m7!3m6!1s0x31d9892294873efb:0xcdee2fcb148cd80e!8m2!3d1.1530997!4d104.0080091!16s%2Fg%2F11hz19p7p6!19sChIJ-z6HlCKJ2TERDtiMFMsv7s0?authuser=0&hl=en&rclk=1,5.0,Healthcare,Indonesia.Batam.Kesehatan.202408050759.db,places,null_required_column
2340,Polindes sei Raya (Medical clinic),0.0,0,0,,,"R5FJ+68R, Jl. Trans Barelang, Sembulang, Galang, Kota Batam, Kepulauan Riau 29481, Indonesia",[object Object],,0.8231058,104.1807707,https://www.google.com/maps/place/Polindes+sei+Raya/data=!4m7!3m6!1s0x31d9a3326b303959:0x445a7681bc7d6e33!8m2!3d0.8231058!4d104.1807707!16s%2Fg%2F11n5d1n9gx!19sChIJWTkwazKj2TERM259vIF2WkQ?authuser=0&hl=en&rclk=1,5.0,Healthcare,Indonesia.Batam.Kesehatan.202408050759.db,places,null_required_column
2356,Puskesmas pembantu (Public medical center),0.0,0,0,,,"3476+MXW, Jl. Bumi Perkemahan, Kabil, Kecamatan Nongsa, Kota Batam, Kepulauan Riau 29433",[object Object],,1.0642287,104.1124494,https://www.google.com/maps/place/Puskesmas+pembantu/data=!4m7!3m6!1s0x31d985d4fa03c6a9:0x63fc2b960c6cb217!8m2!3d1.0642287!4d104.1124494!16s%2Fg%2F11fpfpryn1!19sChIJqcYD-tSF2TERF7JsDJYr_GM?authuser=0&hl=en&rclk=1,-1.0,Healthcare,Indonesia.Batam.Kesehatan.202408050759.db,places,null_required_column
2374,Faculty of Medicine and Health Sciences (Fakultas Kedokteran dan Ilmu Kesehatan),0.0,0,0,,,"Jl. Raja Alikelana No.5, Belian, Kec. Batam Kota, Kota Batam, Kepulauan Riau 29432",[object Object],,1.1092607,104.0828003,https://www.google.com/maps/place/Faculty+of+Medicine+and+Health+Sciences/data=!4m7!3m6!1s0x31d988b0cb1a83e5:0xa0dae87cc4e7eb2c!8m2!3d1.1092607!4d104.0828003!16s%2Fg%2F11cmhvf9ws!19sChIJ5YMay7CI2TERLOvnxHzo2qA?authuser=0&hl=en&rclk=1,-1.0,Healthcare,Indonesia.Batam.Kesehatan.202408050759.db,places,null_required_column
2376,Pustu Sei Jodoh Batam (Public medical center),0.0,0,0,,,"5244+7WF, Jodoh River, Batu Ampar, Batam City, Riau Islands 29444",[object Object],,1.1556834,104.0073114,https://www.google.com/maps/place/Pustu+Sei+Jodoh+Batam/data=!4m7!3m6!1s0x31d9890cfeab3bbb:0x27b02b8eb81d2b3d!8m2!3d1.1556834!4d104.0073114!16s%2Fg%2F11jr95x8d4!19sChIJuzur_gyJ2TERPSsduI4rsCc?authuser=0&hl=en&rclk=1,5.0,Healthcare,Indonesia.Batam.Kesehatan.202408050759.db,places,null_required_column
2382,Posko Pst (First aid station),0.0,0,0,,,"426R+FHC, Jl. Bakal, Taman Baloi, Kec. Batam Kota, Kota Batam, Kepulauan Riau 29444",[object Object],0858-3110-0556,1.1111992,104.041384,https://www.google.com/maps/place/Posko+Pst/data=!4m7!3m6!1s0x31d9896f27e97519:0xb6fe0f490e0224b!8m2!3d1.1111992!4d104.041384!16s%2Fg%2F11fgkplr5r!19sChIJGXXpJ2-J2TERSyLgkPTgbws?authuser=0&hl=en&rclk=1,5.0,Healthcare,Indonesia.Batam.Kesehatan.202408050759.db,places,null_required_column
2384,HI Health Laboratorium (Laboratorium Kesehatan Hi Lab),0.0,0,0,,,"Komplek Sentral Sukajadi, Jl. Sudirman Blok B2, No. 2 - 3, Sukajadi, Kec. Batam Kota, Kota Batam, Kepulauan Riau 29432",[object Object],(0778) 9131792,1.0998662,104.0337149,https://www.google.com/maps/place/HI+Health+Laboratorium/data=!4m7!3m6!1s0x31d98ecb1c6a27ab:0x6bbcd82887bfead5!8m2!3d1.0998662!4d104.0337149!16s%2Fg%2F11byp6d6wc!19sChIJqydqHMuO2TER1eq_hyjYvGs?authuser=0&hl=en&rclk=1,0.0,Healthcare,Indonesia.Batam.Kesehatan.202408050759.db,places,null_required_column
2389,Puskesmas Pembantu (Public medical center),0.0,0,0,,,"Jl. Ranai No.1, Tj. Buntung, Kec. Bengkong, Kota Batam, Kepulauan Riau 29432",[object Object],,1.160073,104.019318,https://www.google.com/maps/place/Puskesmas+Pembantu/data=!4m7!3m6!1s0x31d989ed846bd0eb:0x6b430593cfb4c44e!8m2!3d1.160073!4d104.019318!16s%2Fg%2F11btwtyczk!19sChIJ69BrhO2J2TERTsS0z5MFQ2s?authuser=0&hl=en&rclk=1,5.0,Healthcare,Indonesia.Batam.Kesehatan.202408050759.db,places,null_required_column
2395,Massage Murah Batam (Public medical center),0.0,0,0,,,"Blk. C No.9, Kampung Tua, Belian, Kec. Batam Kota, Kota Batam, Kepulauan Riau 29464","[{""day"": ""Tuesday"", ""hours"": ""09:00 - 22:00""}, {""day"": ""Wednesday"", ""hours"": ""09:00 - 22:00""}, {""day"": ""Thursday"", ""hours"": ""09:00 - 22:00""}, {""day"": ""Friday"", ""hours"": ""09:00 - 22:00""}, {""day"": ""Saturday"", ""hours"": ""09:00 - 22:00""}, {""day"": ""Sunday"", ""hours"": ""09:00 - 22:00""}, {""day"": ""Monday"", ""hours"": ""09:00 - 22:00""}]",0822-8818-4236,1.1208479,104.0871312,"https://www.google.com/maps/place/Massage+Murah+Batam/@1.1208479,104.0871312,17z/data=!3m1!4b1!4m6!3m5!1s0x31d98936fb0a6afb:0x8b36ad60d9c686ea!8m2!3d1.1208479!4d104.0871312!16s%2Fg%2F11t__pv8qb?authuser=0&hl=en&entry=ttu",5.0,Healthcare,Indonesia.Batam.Kesehatan.202408050759.db,places,null_required_column
2404,Perfect Health (Physical fitness program),0.0,0,0,,,"448P+HQ4, Jl. Engku Putri Teluk Tering Nongsa Batam Kepulauan Riau, Batu Besar, Kecamatan Nongsa, Kota Batam, Kepulauan Riau 29444",[object Object],(0778) 470293,1.1163858,104.1369514,https://www.google.com/maps/place/Perfect+Health/data=!4m7!3m6!1s0x31d986664480aedd:0xaa48d2bb5f3c3bf3!8m2!3d1.1163858!4d104.1369514!16s%2Fg%2F11g_93ls3!19sChIJ3a6ARGaG2TER8zs8X7vSSKo?authuser=0&hl=en&rclk=1,0.0,Healthcare,Indonesia.Batam.Kesehatan.202408050759.db,places,null_required_column
2407,Pratama Sundach (Medical supply store),0.0,0,0,,,"JL Bunga Raya, Komplek Anggrek Permai Blok K/10, Batu Selicin, Kec. Lubuk Baja, Kota Batam, Kepulauan Riau 29444",[object Object],(0778) 455846,1.1327255,104.0119355,https://www.google.com/maps/place/Pratama+Sundach/data=!4m7!3m6!1s0x31d9897c6bf438ab:0x356fdb9032a8b01e!8m2!3d1.1327255!4d104.0119355!16s%2Fg%2F11bc7pyv9r!19sChIJqzj0a3yJ2TERHrCoMpDbbzU?authuser=0&hl=en&rclk=1,5.0,Healthcare,Indonesia.Batam.Kesehatan.202408050759.db,places,null_required_column
2410,Pengembangan Dan Pemberdayaan Sumber Daya Manusia (Public health department),0.0,0,0,,,"Komplek Taman Niaga, Jl. Ahmad Yani No.D2 / D3, Sukajadi, Kec. Batam Kota, Kota Batam, Kepulauan Riau 29433",[object Object],(0778) 7372052,1.0917801,104.0339454,https://www.google.com/maps/place/Pengembangan+Dan+Pemberdayaan+Sumber+Daya+Manusia/data=!4m7!3m6!1s0x31d98ec629485e35:0x93fca4eeb57b7c0d!8m2!3d1.0917801!4d104.0339454!16s%2Fg%2F11bymw0ww9!19sChIJNV5IKcaO2TERDXx7te6k_JM?authuser=0&hl=en&rclk=1,5.0,Healthcare,Indonesia.Batam.Kesehatan.202408050759.db,places,null_required_column
2415,Praktik Dokter Umum Juny agnes (Medical office),0.0,0,0,,,"Jln jendral ahmad yani ,Komplek plamo garden blok g4 no 18 batam center, Baloi Permai, Kec. Batam Kota, Kota Batam, Kepulauan Riau 29463",[object Object],0813-7547-4748,1.1056838,104.0415752,"https://www.google.com/maps/place/Praktik+Dokter+Umum+Juny+agnes/@1.1056838,104.0415752,17z/data=!3m1!4b1!4m6!3m5!1s0x31d989a4ecd38d37:0xc52cd981018d015b!8m2!3d1.1056838!4d104.0415752!16s%2Fg%2F11ghjy1dvr?authuser=0&hl=en&entry=ttu",5.0,Healthcare,Indonesia.Batam.Kesehatan.202408050759.db,places,null_required_column
2418,Setia Mom & Baby Spa Batam (Public medical center),0.0,0,0,,,"Renggali Residence, Tembesi, Kec. Sagulung, Kota Batam, Kepulauan Riau 29439",[object Object],0812-3078-4486,1.0197793,104.0124833,https://www.google.com/maps/place/Setia+Mom+%26+Baby+Spa+Batam/data=!4m7!3m6!1s0x31d991e6a05c423f:0x45a05c9083002d26!8m2!3d1.0197793!4d104.0124833!16s%2Fg%2F11lmf3823w!19sChIJP0JcoOaR2TERJi0Ag5BcoEU?authuser=0&hl=en&rclk=1,5.0,Healthcare,Indonesia.Batam.Kesehatan.202408050759.db,places,null_required_column
2419,ATFG BATAM (Physical therapist),0.0,0,0,,,"Jl. Boulevard II No.6, Baloi Permai, Kec. Batam Kota, Kota Batam, Kepulauan Riau 29444",[object Object],0813-6465-1066,1.1018627,104.0462127,https://www.google.com/maps/place/ATFG+BATAM/data=!4m7!3m6!1s0x31d9892cc8f607b7:0x36d561509ab3f2fb!8m2!3d1.1018627!4d104.0462127!16s%2Fg%2F11f5dt7m91!19sChIJtwf2yCyJ2TER-_KzmlBh1TY?authuser=0&hl=en&rclk=1,5.0,Healthcare,Indonesia.Batam.Kesehatan.202408050759.db,places,null_required_column
2421,CV  Cahaya Medical (Walk-in clinic),0.0,0,0,,,"Jl. Central Raya No.3b, Sukajadi, Kec. Batam Kota, Kota Batam, Kepulauan Riau 29444",[object Object],(0778) 433735,1.1026109,104.0344384,"https://www.google.com/maps/place/CV.+Cahaya+Medical/@1.1026109,104.0344384,17z/data=!3m1!4b1!4m6!3m5!1s0x31d98934c6f17769:0x1e5c0216962bdc4e!8m2!3d1.1026109!4d104.0344384!16s%2Fg%2F11bc7s_1qg?authuser=0&hl=en&entry=ttu",4.0,Healthcare,Indonesia.Batam.Kesehatan.202408050759.db,places,null_required_column
2439,Garcinia Nutrivite batam Center (Pharmacy),0.0,0,0,,,"425Q+HRX, Jl. Golden Land, Baloi Permai, Kec. Batam Kota, Kota Batam, Kepulauan Riau 29444",[object Object],0852-9044-9024,1.1089912,104.0395972,"https://www.google.com/maps/place/Garcinia+Nutrivite+batam+Center/@1.1089912,104.0395972,17z/data=!3m1!4b1!4m6!3m5!1s0x31d9892129fdb69f:0xa43b317b968ef90f!8m2!3d1.1089912!4d104.0395972!16s%2Fg%2F11h76lw_rf?authuser=0&hl=en&entry=ttu",5.0,Healthcare,Indonesia.Batam.Kesehatan.202408050759.db,places,null_required_column
2443,Berkahusaha  CV (Medical supply store),0.0,0,0,,,"Jl. Nuri No.32, Batu Selicin, Kec. Lubuk Baja, Kota Batam, Kepulauan Riau 29444",[object Object],(0761) 7768379,1.1367846,104.0114791,"https://www.google.com/maps/place/Berkahusaha.+CV/@1.1367846,104.0114791,17z/data=!3m1!4b1!4m6!3m5!1s0x31d9897f6ab4de81:0x9fa231b409eb6d0c!8m2!3d1.1367846!4d104.0114791!16s%2Fg%2F1pzvn49z1?authuser=0&hl=en&entry=ttu",5.0,Healthcare,Indonesia.Batam.Kesehatan.202408050759.db,places,null_required_column
2448,CamBeryn Jelly Gamat Batam (Vitamin & supplements store),0.0,0,0,,,"The Central Sukajadi Residence No 122, Kota Batam, Kepulauan Riau 29444",[object Object],0812-7058-282,1.1015038,104.0351799,https://www.google.com/maps/place/CamBeryn+Jelly+Gamat+Batam/data=!4m7!3m6!1s0x31d989c4a9722c11:0xfd97ec69f3817042!8m2!3d1.1015038!4d104.0351799!16s%2Fg%2F11k50cp08g!19sChIJESxyqcSJ2TERQnCB82nsl_0?authuser=0&hl=en&rclk=1,5.0,Healthcare,Indonesia.Batam.Kesehatan.202408050759.db,places,null_required_column
2449,Agen Tahitian Noni Batam (Medical supply store),0.0,0,0,,,"Bukit Senyum, Jl. Kuda Laut No.18, Sungai Jodoh, Kec. Batu Ampar, Kota Batam, Kepulauan Riau 29444",[object Object],0812-8859-0038,1.158552,104.007909,"https://www.google.com/maps/place/Agen+Tahitian+Noni+Batam/@1.158552,104.007909,17z/data=!3m1!4b1!4m6!3m5!1s0x31d989f55d46492f:0xb3ea93a7325cc55e!8m2!3d1.158552!4d104.007909!16s%2Fg%2F1pzsd5q0f?authuser=0&hl=en&entry=ttu",5.0,Healthcare,Indonesia.Batam.Kesehatan.202408050759.db,places,null_required_column
2451,GREEN TEA HOUSE   CONCARE   PLAMO GARDEN (Medical office),0.0,0,0,,,"Ruko town house plamo garden, blok G 4 no 8, Kota Batam",[object Object],,1.1054146,104.0413736,"https://www.google.com/maps/place/GREEN+TEA+HOUSE+%22+CONCARE%22+@PLAMO+GARDEN/@1.1054146,104.0413736,17z/data=!3m1!4b1!4m6!3m5!1s0x31d9899ece172a6d:0x403911fd73169a4c!8m2!3d1.1054146!4d104.0413736!16s%2Fg%2F11k5856hyy?authuser=0&hl=en&entry=ttu",5.0,Healthcare,Indonesia.Batam.Kesehatan.202408050759.db,places,null_required_column
2461,Urut tradisional jawa timur WAWIE AMINUDDIN (Public medical center),0.0,0,0,,,"Jl. Bengkong Harapan II No.224 blom M, Bengkong Indah, Kec. Bengkong, Kota Batam, Kepulauan Riau 29458",[object Object],0812-6872-5236,1.147923,104.0269023,"https://www.google.com/maps/place/Urut+tradisional+jawa+timur+WAWIE+AMINUDDIN/@1.147923,104.0269023,17z/data=!3m1!4b1!4m6!3m5!1s0x31d9893e000ed4d9:0xfb1cc40221c1dd0a!8m2!3d1.147923!4d104.0269023!16s%2Fg%2F11vf748cs5?authuser=0&hl=en&entry=ttu",4.0,Healthcare,Indonesia.Batam.Kesehatan.202408050759.db,places,null_required_column
2463,POS KESEHATAN DESA(POSKESDES) (Hospital),0.0,0,0,,,"P62M+22M, Galang Baru, Galang, Batam City, Riau Islands, Indonesia",[object Object],,0.7000998,104.23254,https://www.google.com/maps/place/POS+KESEHATAN+DESA%28POSKESDES%29/data=!4m7!3m6!1s0x31d9a8fbcb069b33:0xd03d610015fb42e7!8m2!3d0.7000998!4d104.23254!16s%2Fg%2F11dx99cq8w!19sChIJM5sGy_uo2TER50L7FQBhPdA?authuser=0&hl=en&rclk=1,4.0,Healthcare,Indonesia.Batam.Kesehatan.202408050759.db,places,null_required_column
2468,Kantor Lurah Galang Baru (City government office),0.0,0,0,,,"M6PW+F6M, Galang Baru, Galang, Batam City, Riau Islands, Indonesia",[object Object],,0.6862212,104.2455612,https://www.google.com/maps/place/Kantor+Lurah+Galang+Baru/data=!4m7!3m6!1s0x31d9a9af2af820bf:0x137c300ec58d4744!8m2!3d0.6862212!4d104.2455612!16s%2Fg%2F11g6xjk6hk!19sChIJvyD4Kq-p2TERREeNxQ4wfBM?authuser=0&hl=en&rclk=1,-1.0,Healthcare,Indonesia.Batam.Kesehatan.202408050759.db,places,null_required_column
2469,Selat Barelang Ujung (Hospital),0.0,0,0,,,"J8X5+CCC, South China Sea, Galang Baru, Galang, Kota Batam, Kepulauan Riau, Indonesia",[object Object],,0.6485594,104.3085045,https://www.google.com/maps/place/Selat+Barelang+Ujung/data=!4m7!3m6!1s0x31d900b7c4849a91:0xd5bc5f981ac8727b!8m2!3d0.6485594!4d104.3085045!16s%2Fg%2F11c51_b4wb!19sChIJkZqExLcA2TERe3LIGphfvNU?authuser=0&hl=en&rclk=1,5.0,Healthcare,Indonesia.Batam.Kesehatan.202408050759.db,places,null_required_column
2500,Djarwo Message (Walk-in clinic),0.0,0,0,,,"Jl. Raja Isa No.20, Belian, Kec. Batam Kota, Kota Batam, Kepulauan Riau 29444, Indonesia",[object Object],+62 823-9048-2495,1.122262,104.0577715,https://www.google.com/maps/place/Djarwo+Message/data=!4m7!3m6!1s0x31d988e11fb846ff:0xf351dd14b1daf291!8m2!3d1.122262!4d104.0577715!16s%2Fg%2F11bc7qdkk8!19sChIJ_0a4H-GI2TERkfLasRTdUfM?authuser=0&hl=en&rclk=1,5.0,Healthcare,Indonesia.Batam.Kesehatan.202408050759.db,places,null_required_column
2513,Posyandu Grand Citra  Grand BSI (Community health centre),0.0,0,0,,,"434V+J7X Grand BSI Residence, Belian, Batam Kota, Batam City, Riau Islands, Indonesia",[object Object],,1.106605,104.0932233,"https://www.google.com/maps/place/Posyandu+Grand+Citra,+Grand+BSI/data=!4m7!3m6!1s0x31d9890001d1f975:0xa50abd1850a567bb!8m2!3d1.106605!4d104.0932233!16s%2Fg%2F11y5fjyp5j!19sChIJdfnRAQCJ2TERu2elUBi9CqU?authuser=0&hl=en&rclk=1",-1.0,Healthcare,Indonesia.Batam.Kesehatan.202408050759.db,places,null_required_column
2520,Praktik Dokter Adi (Medical clinic),0.0,0,0,,,"Jl. Raja Ali Kelana d/h Jl. Abulyatama, Ruko Grand BSI Blok. A2 No. 5, Belian, Batam Kota, Batam City, Riau Islands 29464, Indonesia",[object Object],+62 811-7701-100,1.1143887,104.0907691,"https://www.google.com/maps/place/Praktik+Dokter+Adi/@1.1143887,104.0907691,17z/data=!3m1!4b1!4m6!3m5!1s0x31d988a491c45055:0x8739da6112a7a5ed!8m2!3d1.1143887!4d104.0907691!16s%2Fg%2F12hqlfb29?authuser=0&hl=en&entry=ttu",4.0,Healthcare,Indonesia.Batam.Kesehatan.202408050759.db,places,null_required_column
2522,POSYANDU PERUMAHAN KAMPUNG DAUN (Medical clinic),0.0,0,0,,,"237F+J2J Perumahan Pondok 1, Jl. Perumahan Bukit Barelang, Tanjung Piayu, Kecamatan Nongsa, Kota Batam, Kepulauan Riau 29433, Indonesia",[object Object],,1.01447,104.072734,"https://www.google.com/maps/place/POSYANDU+PERUMAHAN+KAMPUNG+DAUN/@1.01447,104.072734,17z/data=!3m1!4b1!4m6!3m5!1s0x31d991002f4f5e39:0xca1e4f4f5f0da58a!8m2!3d1.01447!4d104.072734!16s%2Fg%2F11w9hb7g_t?authuser=0&hl=en&entry=ttu",0.0,Healthcare,Indonesia.Batam.Kesehatan.202408050759.db,places,null_required_column
2525,Rumah laguna tahap 1 piayu (Dental clinic),0.0,0,0,,,"Perum Laguna, Blk. G No.11 tahap 1, tanjung piayu, Kec. Sei Beduk, Kota Batam, Kepulauan Riau, Indonesia",[object Object],+62 813-6300-7901,1.0279896,104.061444,https://www.google.com/maps/place/Rumah+laguna+tahap+1+piayu/data=!4m7!3m6!1s0x31d98f3e107de395:0xfab409f89685579!8m2!3d1.0279896!4d104.061444!16s%2Fg%2F11vx65sx2t!19sChIJleN9ED6P2TEReVVoiZ9Aqw8?authuser=0&hl=en&rclk=1,5.0,Healthcare,Indonesia.Batam.Kesehatan.202408050759.db,places,null_required_column
2531,Posyandu Mawar XXXIII (Public medical center),0.0,0,0,,,"52P7+37Q, Jl. Bawal, Batu Merah, Kec. Batu Ampar, Kota Batam, Kepulauan Riau 29452, Indonesia",[object Object],,1.1852126,104.013239,https://www.google.com/maps/place/Posyandu+Mawar+XXXIII/data=!4m7!3m6!1s0x31da2751fe4556c7:0x9124a0dd22f6777c!8m2!3d1.1852126!4d104.013239!16s%2Fg%2F11b7rttzcl!19sChIJx1ZF_lEn2jERfHf2It2gJJE?authuser=0&hl=en&rclk=1,4.0,Healthcare,Indonesia.Batam.Kesehatan.202408050759.db,places,null_required_column
2542,Puskesmas (Hospital),0.0,0,0,,,"Ruko Sempurna Centre, Jl. S. Parman Blok F No. 07, Tj. Piayu, Kec. Sei Beduk, Kota Batam, Kepulauan Riau 29444, Indonesia",[object Object],+62 882-7198-9390,1.0186055,104.0986806,https://www.google.com/maps/place/Puskesmas/data=!4m7!3m6!1s0x31d99007bfffffff:0x2caf8a5bd1ec255e!8m2!3d1.0186055!4d104.0986806!16s%2Fg%2F11f4tzmjnz!19sChIJ____vweQ2TERXiXs0VuKryw?authuser=0&hl=en&rclk=1,2.0,Healthcare,Indonesia.Batam.Kesehatan.202408050759.db,places,null_required_column
2545,Putri Nasa Batam (Health and beauty shop),0.0,0,0,,,"239X+CFV, Tanjung Piayu, Sei Beduk, Batam City, Riau Islands 29433, Indonesia",[object Object],+62 823-7039-7911,1.0186055,104.0986806,https://www.google.com/maps/place/Putri+Nasa+Batam/data=!4m7!3m6!1s0x31d991f7856416f7:0xb9fbcfe91328bcc8!8m2!3d1.0186055!4d104.0986806!16s%2Fg%2F11gxx75cz3!19sChIJ9xZkhfeR2TERyLwoE-nP-7k?authuser=0&hl=en&rclk=1,-1.0,Healthcare,Indonesia.Batam.Kesehatan.202408050759.db,places,null_required_column
2553,Posyandu Dahlia 10 bukit Laguna 1 Tj Piayu (Hospital),0.0,0,0,,,"235H+J5X, Perumahan pesona bukit Laguna, RW.1, Tj. Piayu, Kecamatan Nongsa, Kota Batam, Kepulauan Riau 29433, Indonesia",[object Object],,1.0091146,104.0779861,https://www.google.com/maps/place/Posyandu+Dahlia+10+bukit+Laguna+1+Tj+Piayu/data=!4m7!3m6!1s0x31d991e2a942e8f5:0x96a27f4e808ca0e2!8m2!3d1.0091146!4d104.0779861!16s%2Fg%2F11j5384r9f!19sChIJ9ehCqeKR2TER4qCMgE5_opY?authuser=0&hl=en&rclk=1,0.0,Healthcare,Indonesia.Batam.Kesehatan.202408050759.db,places,null_required_column
2556,Stokis Hpai Piayu (Pharmacy),0.0,0,0,,,"Jl. Pesona Bukit Laguna No.31 Blok A2, Tanjung Piayu, Sei Beduk, Batam City, Riau Islands 29433, Indonesia",[object Object],+62 813-6508-5486,1.008512,104.0780028,https://www.google.com/maps/place/Stokis+Hpai+Piayu/data=!4m7!3m6!1s0x31d991e8aa9d591b:0x457204c7770f0535!8m2!3d1.008512!4d104.0780028!16s%2Fg%2F11hdxb28wv!19sChIJG1mdquiR2TERNQUPd8cEckU?authuser=0&hl=en&rclk=1,5.0,Healthcare,Indonesia.Batam.Kesehatan.202408050759.db,places,null_required_column
2558,Praktek mandiri (Midwife),0.0,0,0,,,"23JV+HC4, Tanjung Piayu, Sei Beduk, Batam City, Riau Islands 29433, Indonesia",[object Object],,1.0313985,104.0935789,https://www.google.com/maps/place/Praktek+mandiri/data=!4m7!3m6!1s0x31d98f233db5663d:0x95f75636bf2b9aef!8m2!3d1.0313985!4d104.0935789!16s%2Fg%2F11y1z4yblc!19sChIJPWa1PSOP2TER75orvzZW95U?authuser=0&hl=en&rclk=1,5.0,Healthcare,Indonesia.Batam.Kesehatan.202408050759.db,places,null_required_column
2564,Ramoe Batam (Herbalist),0.0,0,0,,,"Jl. S. Parman Bida Ayu Pintu 1 No.10 Blok B7, Tj. Piayu, Kec. Sei Beduk, Kota Batam, Kepulauan Riau 29437, Indonesia",[object Object],+62 812-3580-8790,1.0413462,104.0545448,https://www.google.com/maps/place/Ramoe+Batam/data=!4m7!3m6!1s0x31d98ff85b61bdb7:0x444ead773390bacd!8m2!3d1.0413462!4d104.0545448!16s%2Fg%2F11kn04t413!19sChIJt71hW_iP2TERzbqQM3etTkQ?authuser=0&hl=en&rclk=1,5.0,Healthcare,Indonesia.Batam.Kesehatan.202408050759.db,places,null_required_column
2565,Poskesdes Bida Ayu (Community health centre),0.0,0,0,,,"23Q4+QC8, Mangsang, Sei Beduk, Batam City, Riau Islands 29433, Indonesia",[object Object],,1.0394066,104.0560731,https://www.google.com/maps/place/Poskesdes+Bida+Ayu/data=!4m7!3m6!1s0x31d98f34d3121f17:0xf2ce04395aba2f6f!8m2!3d1.0394066!4d104.0560731!16s%2Fg%2F11h7cnphlf!19sChIJFx8S0zSP2TERby-6WjkEzvI?authuser=0&hl=en&rclk=1,5.0,Healthcare,Indonesia.Batam.Kesehatan.202408050759.db,places,null_required_column
2568,Nura Farma (Drug store),0.0,0,0,,,"Ruko Bukit Ayu Lestari No.47, Tj. Piayu, Kec. Sei Beduk, Kota Batam, Kepulauan Riau 29433, Indonesia",[object Object],,1.0186055,104.0986806,https://www.google.com/maps/place/Nura+Farma/data=!4m7!3m6!1s0x31d99196f87c86b9:0x8219bc94846d1b80!8m2!3d1.0186055!4d104.0986806!16s%2Fg%2F11gy6hmkts!19sChIJuYZ8-JaR2TERgBtthJS8GYI?authuser=0&hl=en&rclk=1,4.0,Healthcare,Indonesia.Batam.Kesehatan.202408050759.db,places,null_required_column
2571,Batu Merah (Batu Ampar),0.0,0,0,,,,[object Object],,1.1784466,104.0043327,https://www.google.com/maps/place/Batu+Merah/data=!4m7!3m6!1s0x31d98a000b6d5965:0x7fcd42f0bb2cd2cb!8m2!3d1.1784466!4d104.0043327!16s%2Fg%2F12hhj6pkx!19sChIJZVltCwCK2TERy9Isu_BCzX8?authuser=0&hl=en&rclk=1,-1.0,Healthcare,Indonesia.Batam.Kesehatan.202408050759.db,places,null_required_column
2591,Posyandu Rw 16 Kabil (Public health department),0.0,0,0,,,"34F9+GR2, Kabil, Nongsa, Batam City, Riau Islands 29467",[object Object],,1.0737528,104.1195016,https://www.google.com/maps/place/Posyandu+Rw+16+Kabil/data=!4m7!3m6!1s0x31d985976f6d0e25:0x1d7fe97222987d0c!8m2!3d1.0737528!4d104.1195016!16s%2Fg%2F11fzsxvl9x!19sChIJJQ5tb5eF2TERDH2YInLpfx0?authuser=0&hl=en&rclk=1,5.0,Healthcare,Indonesia.Batam.Kesehatan.202408050759.db,places,null_required_column
2602,Klinik AMC (Pharmacy),0.0,0,0,,,"34CC+846 komplek pasar Punggur centre, Kabil, Nongsa, Batam City, Riau Islands 29467",[object Object],,1.0707784,104.1202667,https://www.google.com/maps/place/Klinik+AMC/data=!4m7!3m6!1s0x31d9850012498d9f:0xf37f5f5f3ff20598!8m2!3d1.0707784!4d104.1202667!16s%2Fg%2F11vyn0bgjc!19sChIJn41JEgCF2TERmAXyP19ff_M?authuser=0&hl=en&rclk=1,5.0,Healthcare,Indonesia.Batam.Kesehatan.202408050759.db,places,null_required_column
2605,Rehabhatipunggurkepri (Private hospital),0.0,0,0,,,"kampung panau punggur, kecamatan Nongsa kelurahan kabil no. 03, 085278315545, Kecamatan Nongsa, Kota Batam, Kepulauan Riau 29467",[object Object],0852-7831-5545,1.0883495,104.1330297,https://www.google.com/maps/place/Rehabhatipunggurkepri/data=!4m7!3m6!1s0x31d9852e24eb2b67:0xba7c2d042662f75e!8m2!3d1.0883495!4d104.1330297!16s%2Fg%2F11hzcr7rv5!19sChIJZyvrJC6F2TERXvdiJgQtfLo?authuser=0&hl=en&rclk=1,5.0,Healthcare,Indonesia.Batam.Kesehatan.202408050759.db,places,null_required_column
2609,Psht rayon punggur (Martial arts school),0.0,0,0,,,"34F8+WHQ, Blok saroja kavling baru, RT.002/RW.017, Kabil, Kecamatan Nongsa, Kota Batam, Kepulauan Riau 29467",[object Object],,1.0748499,104.116472,https://www.google.com/maps/place/Psht+rayon+punggur/data=!4m7!3m6!1s0x31d98519de62286b:0xf5ee8da9944cd17a!8m2!3d1.0748499!4d104.116472!16s%2Fg%2F11tt0nyq00!19sChIJayhi3hmF2TERetFMlKmN7vU?authuser=0&hl=en&rclk=1,-1.0,Healthcare,Indonesia.Batam.Kesehatan.202408050759.db,places,null_required_column
2610,Pak Mantri (Medical office),0.0,0,0,,,"3479+Q8H, Jl. Kav. Senjulung, Kabil, Kecamatan Nongsa, Kota Batam, Kepulauan Riau 29467",[object Object],,1.0644026,104.1184056,https://www.google.com/maps/place/Pak+Mantri/data=!4m7!3m6!1s0x31d98500450abda1:0xa3de0e7e6300a135!8m2!3d1.0644026!4d104.1184056!16s%2Fg%2F11w7ctxzkr!19sChIJob0KRQCF2TERNaEAY34O3qM?authuser=0&hl=en&rclk=1,-1.0,Healthcare,Indonesia.Batam.Kesehatan.202408050759.db,places,null_required_column
2614,Prosehat Plus (Alternative medicine practitioner),0.0,0,0,,,"Ruko Duta Mas, Jl. Punggowo, Baloi Permai, Kec. Batam Kota, Kota Batam, Kepulauan Riau 29463",[object Object],0856-4004-9173,1.107932,104.0440689,https://www.google.com/maps/place/Prosehat+Plus/data=!4m7!3m6!1s0x31d9892e4e55afa5:0x861a6e71e94ee604!8m2!3d1.107932!4d104.0440689!16s%2Fg%2F11b7r_p71c!19sChIJpa9VTi6J2TERBOZO6XFuGoY?authuser=0&hl=en&rclk=1,-1.0,Healthcare,Indonesia.Batam.Kesehatan.202408050759.db,places,null_required_column
2630,Bidan Sarma (Midwife),0.0,0,0,,,"Kavling Taman Baloi Blok C7 No. 19, Kabil, Kecamatan Nongsa, Kota Batam, Kepulauan Riau",[object Object],0812-7356-0539,1.0576292,104.1147082,https://www.google.com/maps/place/Bidan+Sarma/data=!4m7!3m6!1s0x31d9858f220e3f5d:0x10f535b6dcc5cedc!8m2!3d1.0576292!4d104.1147082!16s%2Fg%2F11js8fnq32!19sChIJXT8OIo-F2TER3M7F3LY19RA?authuser=0&hl=en&rclk=1,-1.0,Healthcare,Indonesia.Batam.Kesehatan.202408050759.db,places,null_required_column
2632,Puskesmas Pembantu Dapur 12 Pantai (Hospital),0.0,0,0,,,"2X59+64V, Unnamed Road, Sungai Pelunggut, Kec. Sagulung, Kota Batam, Kepulauan Riau 29472",[object Object],0823-6225-7976,1.0081017,103.9678091,https://www.google.com/maps/place/Puskesmas+Pembantu+Dapur+12+Pantai/data=!4m7!3m6!1s0x31d9934a52b56c7b:0xaa4c90cddf99f912!8m2!3d1.0081017!4d103.9678091!16s%2Fg%2F11jr2cm951!19sChIJe2y1UkqT2TEREvmZ382QTKo?authuser=0&hl=en&rclk=1,4.0,Healthcare,Indonesia.Batam.Kesehatan.202408050759.db,places,null_required_column
2638,Posyandu Sei Temiang (Health consultant),0.0,0,0,,,"3XH3+V9R, Jl. KH Ahmad Dahlan, Tj. Riau, Kec. Sekupang, Kota Batam, Kepulauan Riau 29424",[object Object],,1.0798419,103.9533702,https://www.google.com/maps/place/Posyandu+Sei+Temiang/data=!4m7!3m6!1s0x31d98d003d910107:0x6bb1540818e920f6!8m2!3d1.0798419!4d103.9533702!16s%2Fg%2F11vzp9qx89!19sChIJBwGRPQCN2TER9iDpGAhUsWs?authuser=0&hl=en&rclk=1,4.0,Healthcare,Indonesia.Batam.Kesehatan.202408050759.db,places,null_required_column
2641,Puskesmas Sanjulung (Public medical center·),0.0,0,0,,,"3469+Q43, Kabil, Nongsa, Batam City, Riau Islands 29467",[object Object],,1.0618796,104.1177978,https://www.google.com/maps/place/Puskesmas+Sanjulung/data=!4m7!3m6!1s0x31d98575d6c2e70b:0xa8e1a3a4440f6537!8m2!3d1.0618796!4d104.1177978!16s%2Fg%2F11c1p1qdj5!19sChIJC-fC1nWF2TERN2UPRKSj4ag?authuser=0&hl=en&rclk=1,0.0,Healthcare,Indonesia.Batam.Kesehatan.202408050759.db,places,null_required_column
2654,Klinik BIP (Medical office),0.0,0,0,,,,"[{""day"": ""Wednesday"", ""hours"": ""08:00 - 20:00""}, {""day"": ""Thursday"", ""hours"": ""08:00 - 20:00""}, {""day"": ""Friday"", ""hours"": ""08:00 - 20:00""}, {""day"": ""Saturday"", ""hours"": ""08:00 - 20:00""}, {""day"": ""Sunday"", ""hours"": ""08:30 - 20:00""}, {""day"": ""Monday"", ""hours"": ""08:00 - 20:00""}, {""day"": ""Tuesday"", ""hours"": ""08:00 - 20:00""}]",(0770) 611907,0.837166,104.053115,https://www.google.com/maps/place/Klinik+BIP/data=!4m7!3m6!1s0x8359ee83ba4342c9:0x7606d2e587dba354!8m2!3d0.837166!4d104.053115!16s%2Fg%2F11l244t0xl!19sChIJyUJDuoPuWYMRVKPbh-XSBnY?authuser=0&hl=en&rclk=1,-1.0,Healthcare,Indonesia.Batam.Kesehatan.202408050759.db,places,null_required_column
2656,Rumah (Medical clinic),0.0,0,0,,,,[object Object],,-2.44565,117.8888,https://www.google.com/maps/place/Rumah/data=!4m7!3m6!1s0x31d98b94a9e71767:0xa592335f3e972cf1!8m2!3d-2.44565!4d117.8888!16s%2Fg%2F11btv64_81!19sChIJZxfnqZSL2TER8SyXPl8zkqU?authuser=0&hl=en&rclk=1,0,Healthcare,Indonesia.Batam.Kesehatan.202408050759.db,places,null_required_column
2658,Home SPA Batam (Health spa),0.0,0,0,,,"Buana Raja Residence, blok queen i No.3A, Kel Sei pelunggut, Kec. Sagulung, Kota Batam, Kepulauan Riau 29434",[object Object],0812-2259-5021,1.0486145,103.9396174,https://www.google.com/maps/place/Home+SPA+Batam/data=!4m7!3m6!1s0x31d98db7b88a4921:0xbe6d60fe56d73da2!8m2!3d1.0486145!4d103.9396174!16s%2Fg%2F11l6g0jw5r!19sChIJIUmKuLeN2TERoj3XVv5gbb4?authuser=0&hl=en&rclk=1,-1.0,Healthcare,Indonesia.Batam.Kesehatan.202408050759.db,places,null_required_column
2659,PT Buana sehat sentosa (Medical office),0.0,0,0,,,,"[{""day"": ""Wednesday"", ""hours"": ""08:00 - 16:00""}, {""day"": ""Thursday"", ""hours"": ""08:00 - 16:00""}, {""day"": ""Friday"", ""hours"": ""08:00 - 16:00""}, {""day"": ""Saturday"", ""hours"": ""20:00 - 00:00""}, {""day"": ""Sunday"", ""hours"": ""00:00 - 16:00""}, {""day"": ""Monday"", ""hours"": ""08:00 - 16:00""}, {""day"": ""Tuesday"", ""hours"": ""08:00 - 16:00""}]",0812-7741-5566,0.837166,104.053115,https://www.google.com/maps/place/PT.Buana+sehat+sentosa/data=!4m7!3m6!1s0x62d166f309b25b01:0x4c89e5528b222e9!8m2!3d0.837166!4d104.053115!16s%2Fg%2F11trzpchmt!19sChIJAVuyCfNm0WIR6SKyKFWeyAQ?authuser=0&hl=en&rclk=1,4.0,Healthcare,Indonesia.Batam.Kesehatan.202408050759.db,places,null_required_column
2663,Perawatan Ibu dan Bayi (Health spa),0.0,0,0,,,,[object Object],0812-8485-9707,1.0568264,104.0197195,https://www.google.com/maps/place/Perawatan+Ibu+dan+Bayi/data=!4m7!3m6!1s0xa0850d645104bf3:0x8ca5b7620aea9215!8m2!3d1.0568264!4d104.0197195!16s%2Fg%2F11w7hq_vhw!19sChIJ80sQRdZQCAoRFZLqCmK3pYw?authuser=0&hl=en&rclk=1,-1.0,Healthcare,Indonesia.Batam.Kesehatan.202408050759.db,places,null_required_column
2673,Cantik & sehat bersama k-link (Health and beauty shop),0.0,0,0,,,,[object Object],0822-8495-8252,1.1137686,104.0026299,https://www.google.com/maps/place/Cantik+%26+sehat+bersama+k-link/data=!4m7!3m6!1s0x31d989d94fd79f6f:0x2602aff26909d479!8m2!3d1.1137686!4d104.0026299!16s%2Fg%2F11gxmt8dz0!19sChIJb5_XT9mJ2TERedQJafKvAiY?authuser=0&hl=en&rclk=1,0.0,Healthcare,Indonesia.Batam.Kesehatan.202408050759.db,places,null_required_column
2676,Kretek Batam (Alternative medicine practitioner),0.0,0,0,,,,"[{""day"": ""Wednesday"", ""hours"": ""10:00 - 21:00""}, {""day"": ""Thursday"", ""hours"": ""10:00 - 21:00""}, {""day"": ""Friday"", ""hours"": ""10:00 - 21:00""}, {""day"": ""Saturday"", ""hours"": ""10:00 - 21:00""}, {""day"": ""Sunday"", ""hours"": ""10:00 - 21:00""}, {""day"": ""Monday"", ""hours"": ""10:00 - 21:00""}, {""day"": ""Tuesday"", ""hours"": ""10:00 - 21:00""}]",0811-7046-644,1.1488704,104.043615,https://www.google.com/maps/place/Kretek+Batam/data=!4m7!3m6!1s0x5e0df4d61d6b705:0x6f6c41fb0400085e!8m2!3d1.1488704!4d104.043615!16s%2Fg%2F11w2lpnl1v!19sChIJBbfWYU3f4AURXggABPtBbG8?authuser=0&hl=en&rclk=1,5.0,Healthcare,Indonesia.Batam.Kesehatan.202408050759.db,places,null_required_column
2677,Massage kesehatan pria   wanita dan baby (Health spa),0.0,0,0,,,,"[{""day"": ""Wednesday"", ""hours"": ""08:00 - 20:00""}, {""day"": ""Thursday"", ""hours"": ""08:00 - 20:00""}, {""day"": ""Friday"", ""hours"": ""08:00 - 20:00""}, {""day"": ""Saturday"", ""hours"": ""08:00 - 20:00""}, {""day"": ""Sunday"", ""hours"": ""08:00 - 20:00""}, {""day"": ""Monday"", ""hours"": ""08:00 - 20:00""}, {""day"": ""Tuesday"", ""hours"": ""08:00 - 20:00""}]",0838-0261-0826,1.155305,104.0272545,"https://www.google.com/maps/place/Massage+kesehatan+pria+,+wanita+dan+baby/data=!4m7!3m6!1s0x4e75374a8050e7db:0xdb65e632c952fabe!8m2!3d1.155305!4d104.0272545!16s%2Fg%2F11swdd8fvs!19sChIJ2-dQgEo3dU4RvvpSyTLmZds?authuser=0&hl=en&rclk=1",5.0,Healthcare,Indonesia.Batam.Kesehatan.202408050759.db,places,null_required_column
2680,PT BERKAH ANEKA KARYA (Health and beauty shop),0.0,0,0,,,,[object Object],0811-7040-171,0.837166,104.053115,https://www.google.com/maps/place/PT+BERKAH+ANEKA+KARYA/data=!4m7!3m6!1s0x8f7aa9338a8f6fcb:0x6bab38586cdf1f05!8m2!3d0.837166!4d104.053115!16s%2Fg%2F11v6fj6565!19sChIJy2-PijOpeo8RBR_fbFg4q2s?authuser=0&hl=en&rclk=1,5.0,Healthcare,Indonesia.Batam.Kesehatan.202408050759.db,places,null_required_column
2685,Catering Sehat Murah Batam (Health food store),0.0,0,0,,,,[object Object],0815-6200-375,0.837166,104.053115,https://www.google.com/maps/place/Catering+Sehat+Murah+Batam/data=!4m7!3m6!1s0xe2d24415fce6719:0x37fcc0fb5366b61a!8m2!3d0.837166!4d104.053115!16s%2Fg%2F11vf73pvv5!19sChIJGWfOX0EkLQ4RGrZmU_vA_Dc?authuser=0&hl=en&rclk=1,5.0,Healthcare,Indonesia.Batam.Kesehatan.202408050759.db,places,null_required_column
2688,Madu asli hutan liar Pasaman (Health and beauty shop),0.0,0,0,,,,[object Object],0812-6658-4871,0.837166,104.053115,https://www.google.com/maps/place/Madu+asli+hutan+liar+Pasaman/data=!4m7!3m6!1s0xe8b909bd2aa0a2b:0x1c494957a199aae6!8m2!3d0.837166!4d104.053115!16s%2Fg%2F11t73900_r!19sChIJKwqq0puQiw4R5qqZoVdJSRw?authuser=0&hl=en&rclk=1,4.0,Healthcare,Indonesia.Batam.Kesehatan.202408050759.db,places,null_required_column
2692,PT  Anugerah Medilab Perkasa (Medical supply store),0.0,0,0,,,,[object Object],(0778) 422678,0.837166,104.053115,https://www.google.com/maps/place/PT.+Anugerah+Medilab+Perkasa/data=!4m7!3m6!1s0x8a7fe7f06ac610e5:0x93236a0a725bfb17!8m2!3d0.837166!4d104.053115!16s%2Fg%2F11w433dzc0!19sChIJ5RDGavDnf4oRF_tbcgpqI5M?authuser=0&hl=en&rclk=1,5.0,Healthcare,Indonesia.Batam.Kesehatan.202408050759.db,places,null_required_column
2701,SR12 Herbal Batam (Cosmetics store),0.0,0,0,,,,[object Object],0819-9111-9203,1.7012151,106.2211275,https://www.google.com/maps/place/SR12+Herbal+Batam/data=!4m7!3m6!1s0x31d98b7f95a5db73:0x8f1fe07d8819b361!8m2!3d1.7012151!4d106.2211275!16s%2Fg%2F11g_sydsdn!19sChIJc9ullX-L2TERYbMZiH3gH48?authuser=0&hl=en&rclk=1,5.0,Healthcare,Indonesia.Batam.Kesehatan.202408050759.db,places,null_required_column
2706,btooth tales (Dental clinic),0.0,0,0,,,,[object Object],0877-0060-6161,0.837166,104.053115,https://www.google.com/maps/place/btooth+tales/data=!4m7!3m6!1s0x8f27db278d9b4121:0xee6f79a3dabd3a77!8m2!3d0.837166!4d104.053115!16s%2Fg%2F11tsd7tx59!19sChIJIUGbjSfbJ48Rdzq92qN5b-4?authuser=0&hl=en&rclk=1,5.0,Healthcare,Indonesia.Batam.Kesehatan.202408050759.db,places,null_required_column
2708,𝐊𝐥𝐢𝐧𝐢𝐤 𝐏𝐞𝐧𝐠𝐨𝐛𝐚𝐭𝐚𝐧 𝐀𝐥𝐚𝐭 𝐕𝐢𝐭𝐚𝐥 𝐊𝐨𝐭𝐚 𝐁𝐚𝐭𝐚𝐦 - 𝐇  𝐀𝐛𝐝𝐮𝐥𝐥𝐚𝐡 𝐒𝐮𝐤𝐚𝐛𝐮𝐦𝐢 (Reproductive health clinic),0.0,0,0,,,"42PJ+7V9, Jl. Pd. Asri Indah, Sungai Panas, Kec. Batam Kota, Kota Batam, Kepulauan Riau 29444","[{""day"": ""Wednesday"", ""hours"": ""09:00 - 17:00""}, {""day"": ""Thursday"", ""hours"": ""09:00 - 17:00""}, {""day"": ""Friday"", ""hours"": ""09:00 - 17:00""}, {""day"": ""Saturday"", ""hours"": ""09:00 - 17:00""}, {""day"": ""Sunday"", ""hours"": ""09:00 - 17:00""}, {""day"": ""Monday"", ""hours"": ""09:00 - 17:00""}, {""day"": ""Tuesday"", ""hours"": ""09:00 - 17:00""}]",0823-2173-5961,1.1355294,104.0324341,https://www.google.com/maps/place/%F0%9D%90%8A%F0%9D%90%A5%F0%9D%90%A2%F0%9D%90%A7%F0%9D%90%A2%F0%9D%90%A4+%F0%9D%90%8F%F0%9D%90%9E%F0%9D%90%A7%F0%9D%90%A0%F0%9D%90%A8%F0%9D%90%9B%F0%9D%90%9A%F0%9D%90%AD%F0%9D%90%9A%F0%9D%90%A7+%F0%9D%90%80%F0%9D%90%A5%F0%9D%90%9A%F0%9D%90%AD+%F0%9D%90%95%F0%9D%90%A2%F0%9D%90%AD%F0%9D%90%9A%F0%9D%90%A5+%F0%9D%90%8A%F0%9D%90%A8%F0%9D%90%AD%F0%9D%90%9A+%F0%9D%90%81%F0%9D%90%9A%F0%9D%90%AD%F0%9D%90%9A%F0%9D%90%A6+-+%F0%9D%90%87.+%F0%9D%90%80%F0%9D%90%9B%F0%9D%90%9D%F0%9D%90%AE%F0%9D%90%A5%F0%9D%90%A5%F0%9D%90%9A%F0%9D%90%A1+%F0%9D%90%92%F0%9D%90%AE%F0%9D%90%A4%F0%9D%90%9A%F0%9D%90%9B%F0%9D%90%AE%F0%9D%90%A6%F0%9D%90%A2/data=!4m7!3m6!1s0x31d989002657d999:0xa3aa20c946882e25!8m2!3d1.1355294!4d104.0324341!16s%2Fg%2F11w230x3r1!19sChIJmdlXJgCJ2TERJS6IRskgqqM?authuser=0&hl=en&rclk=1,,Healthcare,Indonesia.Batam.Kesehatan.202408050759.db,places,null_required_column
2715,Basyir Bekam (Physical therapist),0.0,0,0,,,,[object Object],0812-7731-0388,1.0934284,103.9968809,"https://www.google.com/maps/place/Basyir+Bekam/@1.0934284,103.9968809,14z/data=!3m1!4b1!4m6!3m5!1s0x44abad043cbb2df9:0x8ccfb454d6325615!8m2!3d1.0934284!4d103.9968809!16s%2Fg%2F11ldwggjn6?authuser=0&hl=en&entry=ttu",0.0,Healthcare,Indonesia.Batam.Kesehatan.202408050759.db,places,null_required_column
2716,Klinik Bintan (Reproductive health clinic),0.0,0,0,,,"Jl. Laksamana Bintan No.5, Sungai Panas, Kec. Batam Kota, Kota Batam, Kepulauan Riau 29444",[object Object],,1.1333617,104.028555,https://www.google.com/maps/place/Klinik+Bintan/data=!4m7!3m6!1s0x31d98926207789e1:0x7c9766fa7fea23c!8m2!3d1.1333617!4d104.028555!16s%2Fg%2F11r9kfrgng!19sChIJ4Yl3ICaJ2TERPKL-p292yQc?authuser=0&hl=en&rclk=1,4.0,Healthcare,Indonesia.Batam.Kesehatan.202408050759.db,places,null_required_column
2720,Mabar yuk comunity (Support group),0.0,0,0,,,,[object Object],,0.837166,104.053115,"https://www.google.com/maps/place/Mabar+yuk+comunity/@0.837166,104.053115,10z/data=!3m1!4b1!4m6!3m5!1s0x8bacab124d28ec0b:0x7571f18fd005e949!8m2!3d0.837166!4d104.053115!16s%2Fg%2F11v3p20_dd?authuser=0&hl=en&entry=ttu",0.0,Healthcare,Indonesia.Batam.Kesehatan.202408050759.db,places,null_required_column
2721,YENI SPA HeALTHy (Massage spa),0.0,0,0,,,,[object Object],0856-6834-0571,1.1003724,103.9598394,https://www.google.com/maps/place/YENI+SPA+HeALTHy/data=!4m7!3m6!1s0x337a437d627ab85:0xe9f2095c60f1df7b!8m2!3d1.1003724!4d103.9598394!16s%2Fg%2F11t9tlt6w5!19sChIJhasn1jekNwMRe9_xYFwJ8uk?authuser=0&hl=en&rclk=1,4.0,Healthcare,Indonesia.Batam.Kesehatan.202408050759.db,places,null_required_column
2724,shineskin beauty clinic (Specialized clinic),0.0,0,0,,,,"[{""day"": ""Wednesday"", ""hours"": ""09:00 - 20:00""}, {""day"": ""Thursday"", ""hours"": ""09:00 - 21:00""}, {""day"": ""Friday"", ""hours"": ""09:00 - 20:00""}, {""day"": ""Saturday"", ""hours"": ""09:00 - 21:00""}, {""day"": ""Sunday"", ""hours"": ""09:00 - 20:00""}, {""day"": ""Monday"", ""hours"": ""09:00 - 20:00""}, {""day"": ""Tuesday"", ""hours"": ""09:00 - 20:00""}]",0821-7230-0429,0.837166,104.053115,https://www.google.com/maps/place/shineskin+beauty+clinic/data=!4m7!3m6!1s0x513c1ed2f647475:0xf4361929e27b2161!8m2!3d0.837166!4d104.053115!16s%2Fg%2F11k4vkg0rx!19sChIJdXRkL-3BEwURYSF74ikZNvQ?authuser=0&hl=en&rclk=1,-1.0,Healthcare,Indonesia.Batam.Kesehatan.202408050759.db,places,null_required_column
2726,Distributor SYR Glowing (Stock),0.0,0,0,,,,[object Object],0812-6643-2048,-2.44565,117.8888,https://www.google.com/maps/place/Distributor+SYR+Glowing/data=!4m7!3m6!1s0x31d98bcce5666b5d:0x31cd9595a650b499!8m2!3d-2.44565!4d117.8888!16s%2Fg%2F11j6s01c17!19sChIJXWtm5cyL2TERmbRQppWVzTE?authuser=0&hl=en&rclk=1,0,Healthcare,Indonesia.Batam.Kesehatan.202408050759.db,places,null_required_column
2729,Tradisional (Massage therapist),0.0,0,0,,,,[object Object],0813-2847-0314,0.837166,104.053115,https://www.google.com/maps/place/Tradisional/data=!4m7!3m6!1s0x8d91a06c9810ccd1:0x15f46f81fbbb34cf!8m2!3d0.837166!4d104.053115!16s%2Fg%2F11jzvv6pgn!19sChIJ0cwQmGygkY0RzzS7-4Fv9BU?authuser=0&hl=en&rclk=1,5.0,Healthcare,Indonesia.Batam.Kesehatan.202408050759.db,places,null_required_column
2730,Sangkal putung Abi Banten (Alternative medicine practitioner),0.0,0,0,,,"Blk. D1, Kav. Bukit Seroja No.13, RT.03/RW.07, Kel.Sei Pelunggut, Kec. Sagulung, Kota Batam, Kepulauan Riau 29437",[object Object],0878-1578-3353,1.0482169,103.9692158,https://www.google.com/maps/place/Sangkal+putung+Abi+Banten/data=!4m7!3m6!1s0x31d98d89d350c0d5:0x5d3cb9fd21d17584!8m2!3d1.0482169!4d103.9692158!16s%2Fg%2F11w7pd2m9l!19sChIJ1cBQ04mN2TERhHXRIf25PF0?authuser=0&hl=en&rclk=1,5.0,Healthcare,Indonesia.Batam.Kesehatan.202408050759.db,places,null_required_column
2732,As-Syifaa Lugu Alami Bekam Herbal Akupunktur Thibbun Nabawi (Health consultant),0.0,0,0,,,,[object Object],0813-6470-4360,-2.44565,117.8888,https://www.google.com/maps/place/As-Syifaa+Lugu+Alami+Bekam+Herbal+Akupunktur+Thibbun+Nabawi/data=!4m7!3m6!1s0xa08144f78d7faf5:0xaf6ce5a56d24ea77!8m2!3d-2.44565!4d117.8888!16s%2Fg%2F11thlyn4tl!19sChIJ9frXeE8UCAoRd-okbaXlbK8?authuser=0&hl=en&rclk=1,0,Healthcare,Indonesia.Batam.Kesehatan.202408050759.db,places,null_required_column
2735,Panggilan pijat tradisional (Massage therapist),0.0,0,0,,,,"[{""day"": ""Wednesday"", ""hours"": ""03:00 - 20:00""}, {""day"": ""Thursday"", ""hours"": ""03:00 - 20:00""}, {""day"": ""Friday"", ""hours"": ""03:00 - 20:00""}, {""day"": ""Saturday"", ""hours"": ""03:00 - 20:00""}, {""day"": ""Sunday"", ""hours"": ""03:00 - 20:00""}, {""day"": ""Monday"", ""hours"": ""03:00 - 20:00""}, {""day"": ""Tuesday"", ""hours"": ""03:00 - 20:00""}]",0812-6883-1102,0.837166,104.053115,https://www.google.com/maps/place/Panggilan+pijat+tradisional/data=!4m7!3m6!1s0xc3e3b527febb89b:0x779b08397abdec64!8m2!3d0.837166!4d104.053115!16s%2Fg%2F11ldq1gzdm!19sChIJm7jrf1I7PgwRZOy9ejkIm3c?authuser=0&hl=en&rclk=1,0.0,Healthcare,Indonesia.Batam.Kesehatan.202408050759.db,places,null_required_column
2738,Sari Massage (Massage therapist),0.0,0,0,,,,[object Object],0813-1483-1094,0.837166,104.053115,https://www.google.com/maps/place/Sari+Massage/data=!4m7!3m6!1s0xa42a24d39d53d95d:0x5bf0a824656aec2f!8m2!3d0.837166!4d104.053115!16s%2Fg%2F11vy5nxc7b!19sChIJXdlTndMkKqQRL-xqZSSo8Fs?authuser=0&hl=en&rclk=1,4.0,Healthcare,Indonesia.Batam.Kesehatan.202408050759.db,places,null_required_column
2739,Pijat dan Refleksi Panggilan Batam (Massage therapist),0.0,0,0,,,,[object Object],0821-7167-9959,0.837166,104.053115,https://www.google.com/maps/place/Pijat+dan+Refleksi+Panggilan+Batam/data=!4m7!3m6!1s0x298078ed73766eb5:0xc55e07bc6184d318!8m2!3d0.837166!4d104.053115!16s%2Fg%2F11vq9tblhq!19sChIJtW52c-14gCkRGNOEYbwHXsU?authuser=0&hl=en&rclk=1,0.0,Healthcare,Indonesia.Batam.Kesehatan.202408050759.db,places,null_required_column
2746,Apotek Ganda Farma (Pharmacy),0.0,0,0,,,"JL Laksamana Bintan, Sei Panas, Batam Kota, Komplek Tanah Mas, Blok E, No. 5, Sungai Panas, Kec. Batam Kota, Kota Batam, Kepulauan Riau 29456",[object Object],(0778) 464809,1.1316383,104.0300115,https://www.google.com/maps/place/Apotek+Ganda+Farma/data=!4m7!3m6!1s0x31d98972d647371b:0x1c19d1ec7dca3d43!8m2!3d1.1316383!4d104.0300115!16s%2Fg%2F11b6d5v673!19sChIJGzdH1nKJ2TERQz3KfezRGRw?authuser=0&hl=en&rclk=1,5.0,Healthcare,Indonesia.Batam.Kesehatan.202408050759.db,places,null_required_column
2749,Massage traditional (Massage therapist),0.0,0,0,,,,[object Object],0852-3025-3999,0.837166,104.053115,https://www.google.com/maps/place/Massage+traditional/data=!4m7!3m6!1s0xf65b067bc10d821:0x19b9bc03d958c234!8m2!3d0.837166!4d104.053115!16s%2Fg%2F11w3814lb7!19sChIJIdgQvGewZQ8RNMJY2QO8uRk?authuser=0&hl=en&rclk=1,4.0,Healthcare,Indonesia.Batam.Kesehatan.202408050759.db,places,null_required_column
2750,MooiBeautyCare (Health spa),0.0,0,0,,,,[object Object],0821-3185-4382,0.837166,104.053115,https://www.google.com/maps/place/MooiBeautyCare/data=!4m7!3m6!1s0x8ab3395ab5a38e77:0x8f622b9abf7fba93!8m2!3d0.837166!4d104.053115!16s%2Fg%2F11trzwcxfd!19sChIJd46jtVo5s4oRk7p_v5orYo8?authuser=0&hl=en&rclk=1,5.0,Healthcare,Indonesia.Batam.Kesehatan.202408050759.db,places,null_required_column
2751,Smile Cloud Dental Tiban (Dental clinic),0.0,0,0,,,,[object Object],0811-3450-1177,1.0934284,103.9968809,https://www.google.com/maps/place/Smile+Cloud+Dental+Tiban/data=!4m7!3m6!1s0xf9c60e9058ed951:0xcfe223065bec40d7!8m2!3d1.0934284!4d103.9968809!16s%2Fg%2F11w4q7xmqr!19sChIJUdmOBelgnA8R10DsWwYj4s8?authuser=0&hl=en&rclk=1,5.0,Healthcare,Indonesia.Batam.Kesehatan.202408050759.db,places,null_required_column
2755,rumah sakit sejahtera mandiri (Medical Center),0.0,0,0,,,"42MJ+7F2, Panas River, Batam Kota, Batam City, Riau Islands 29444",[object Object],(0778) 465456,1.1331298,104.0311303,https://www.google.com/maps/place/rumah+sakit+sejahtera+mandiri/data=!4m7!3m6!1s0x31d9890cb74fce5b:0x78503eb03029f64!8m2!3d1.1331298!4d104.0311303!16s%2Fg%2F11c4hjr5hd!19sChIJW85PtwyJ2TERZJ8CA-sDhQc?authuser=0&hl=en&rclk=1,-1.0,Healthcare,Indonesia.Batam.Kesehatan.202408050759.db,places,null_required_column
2758,Marya k link (Medical office),0.0,0,0,,,"52H8+FJ, Tanjung Sengkuang, Batu Ampar, Batam City, Riau Islands, Indonesia",[object Object],,1.1787306,104.0165856,"https://www.google.com/maps/place/Marya+k+link/@1.1787306,104.0165856,17z/data=!3m1!4b1!4m6!3m5!1s0x31da271ddfce6833:0xbb2b047934a66e8d!8m2!3d1.1787306!4d104.0165856!16s%2Fg%2F11rdntkq5_?authuser=0&hl=en&entry=ttu",5.0,Healthcare,Indonesia.Batam.Kesehatan.202408050759.db,places,null_required_column
2763,Pengobatan Alternatif Patah Tulang Cara tradisional Karo (Osteopath),0.0,0,0,,,"42RH+VM6, Jl. Villa Mas, Sungai Panas, Kec. Batam Kota, Kota Batam, Kepulauan Riau 29444",[object Object],0812-7048-067,1.1421684,104.0291322,"https://www.google.com/maps/place/Pengobatan+Alternatif+Patah+Tulang+Cara+tradisional+Karo/@1.1421684,104.0291322,17z/data=!3m1!4b1!4m6!3m5!1s0x31d989001d9b8437:0xbe1dd7e48f2bed57!8m2!3d1.1421684!4d104.0291322!16s%2Fg%2F11v_4bswgm?authuser=0&hl=en&entry=ttu",5.0,Healthcare,Indonesia.Batam.Kesehatan.202408050759.db,places,null_required_column
2765,Yayasan Mitra Kesehatan dan Kemanusiaan (Non-governmental organization),0.0,0,0,,,"42GH+WC8, Panas River, Batam Kota, Batam City, Riau Islands 29444",[object Object],(0778) 472027,1.1272939,104.0285906,https://www.google.com/maps/place/Yayasan+Mitra+Kesehatan+dan+Kemanusiaan/data=!4m7!3m6!1s0x31d9896d1c174d1b:0x4277f1e3c4ce5d54!8m2!3d1.1272939!4d104.0285906!16s%2Fg%2F1pzrdhrry!19sChIJG00XHG2J2TERVF3OxOPxd0I?authuser=0&hl=en&rclk=1,5.0,Healthcare,Indonesia.Batam.Kesehatan.202408050759.db,places,null_required_column
2771,ELROI PHARMA APOTEK (Pharmacy),0.0,0,0,,,"1 Blok A No, Pertokoan Ruko Esqarada, Jl. Raya Sungai Panas No.8, Kota Batam, Kepulauan Riau 29458",[object Object],0812-7050-9191,1.1279328,104.0339898,https://www.google.com/maps/place/ELROI+PHARMA+APOTEK/data=!4m7!3m6!1s0x31d9890045b2f7d5:0xa7eeca30a6370aa1!8m2!3d1.1279328!4d104.0339898!16s%2Fg%2F11vywsj4rw!19sChIJ1feyRQCJ2TERoQo3pjDK7qc?authuser=0&hl=en&rclk=1,4.0,Healthcare,Indonesia.Batam.Kesehatan.202408050759.db,places,null_required_column
2779,KLINIK AABBOORRSSIII Dr  SUSAN PEENNGGUUGGUURRR KAANDUUNGGAANNN BATAM (Urology clinic),0.0,0,0,,,"Dekat Batam, Sungai Panas, Kec. Batam Kota, Kota Batam, Kepulauan Riau 29444","[{""day"": ""Wednesday"", ""hours"": ""08:00 - 22:00""}, {""day"": ""Thursday"", ""hours"": ""08:00 - 22:00""}, {""day"": ""Friday"", ""hours"": ""08:00 - 22:00""}, {""day"": ""Saturday"", ""hours"": ""08:00 - 22:00""}, {""day"": ""Sunday"", ""hours"": ""08:00 - 22:00""}, {""day"": ""Monday"", ""hours"": ""08:00 - 22:00""}, {""day"": ""Tuesday"", ""hours"": ""08:00 - 22:00""}]",0856-4971-1702,1.1317206,104.0275509,https://www.google.com/maps/place/KLINIK+AABBOORRSSIII+Dr.+SUSAN+PEENNGGUUGGUURRR+KAANDUUNGGAANNN+BATAM/data=!4m7!3m6!1s0x31d9898777c5a57f:0xf13a273e2c97c73c!8m2!3d1.1317206!4d104.0275509!16s%2Fg%2F11vymdgvt9!19sChIJf6XFd4eJ2TERPMeXLD4nOvE?authuser=0&hl=en&rclk=1,0.0,Healthcare,Indonesia.Batam.Kesehatan.202408050759.db,places,null_required_column
2782,Vina pijat panggilan (Massage therapist),0.0,0,0,,,"Komplek Wijaya Kusuma Blk. B No.3, Sungai Panas, Kec. Batam Kota, Kota Batam, Kepulauan Riau 29444","[{""day"": ""Wednesday"", ""hours"": ""09:00 - 21:30""}, {""day"": ""Thursday"", ""hours"": ""09:00 - 21:30""}, {""day"": ""Friday"", ""hours"": ""09:00 - 21:30""}, {""day"": ""Saturday"", ""hours"": ""09:00 - 21:30""}, {""day"": ""Sunday"", ""hours"": ""09:00 - 21:00""}, {""day"": ""Monday"", ""hours"": ""09:00 - 21:30""}, {""day"": ""Tuesday"", ""hours"": ""09:00 - 21:30""}]",0812-7604-4866,1.1328029,104.0342123,https://www.google.com/maps/place/Vina+pijat+panggilan/data=!4m7!3m6!1s0x31d989fee9995f43:0x650af5df3396364e!8m2!3d1.1328029!4d104.0342123!16s%2Fg%2F11sqkd2qdx!19sChIJQ1-Z6f6J2TERTjaWM9_1CmU?authuser=0&hl=en&rclk=1,5.0,Healthcare,Indonesia.Batam.Kesehatan.202408050759.db,places,null_required_column
2813,Dua Saudara (Dental clinic),0.0,0,0,,,"42VH+94C, Jl. Laksamana Bintan, Sungai Panas, Kec. Batam Kota, Kota Batam, Kepulauan Riau 29444",[object Object],0815-3664-0665,1.1434488,104.0277549,"https://www.google.com/maps/place/Dua+Saudara/@1.1434488,104.0277549,17z/data=!3m1!4b1!4m6!3m5!1s0x31d98998d4e38b39:0x6ab27bc1ca533627!8m2!3d1.1434488!4d104.0277549!16s%2Fg%2F11b7q9jkbd?authuser=0&hl=en&entry=ttu",4.0,Healthcare,Indonesia.Batam.Kesehatan.202408050759.db,places,null_required_column
2815,Boston Mega Batam Center (Pharmacy),0.0,0,0,,,"Jl. Raja H. Fisabilillah No.1, Tlk. Tering, Kec. Batam Kota, Kota Batam, Kepulauan Riau 29432","[{""day"": ""Wednesday"", ""hours"": ""10:00 - 22:00""}, {""day"": ""Thursday"", ""hours"": ""10:00 - 22:00""}, {""day"": ""Friday"", ""hours"": ""10:00 - 22:00""}, {""day"": ""Saturday"", ""hours"": ""10:00 - 22:00""}, {""day"": ""Sunday"", ""hours"": ""10:00 - 22:00""}, {""day"": ""Monday"", ""hours"": ""10:00 - 22:00""}, {""day"": ""Tuesday"", ""hours"": ""10:00 - 22:00""}]",0812-6149-7623,1.12933,104.055755,https://www.google.com/maps/place/Boston+Mega+Batam+Center/data=!4m7!3m6!1s0x31d988fd32ea9333:0x73cfbfdac191fa5a!8m2!3d1.12933!4d104.055755!16s%2Fg%2F1pzrz2j37!19sChIJM5PqMv2I2TERWvqRwdq_z3M?authuser=0&hl=en&rclk=1,4.0,Healthcare,Indonesia.Batam.Kesehatan.202408050759.db,places,null_required_column
2816,Hero Therapy (Physical therapy clinic),0.0,0,0,,,"Blk. B Jl. Pd. Asri No.28, RW.4, Sungai Panas, Kec. Batam Kota, Kota Batam, Kepulauan Riau 29444",[object Object],,1.1377013,104.0307718,https://www.google.com/maps/place/Hero+Therapy/data=!4m7!3m6!1s0x31d9890ab43bfadd:0xc3dae580a35e3b35!8m2!3d1.1377013!4d104.0307718!16s%2Fg%2F11gh2srhm1!19sChIJ3fo7tAqJ2TERNTteo4Dl2sM?authuser=0&hl=en&rclk=1,5.0,Healthcare,Indonesia.Batam.Kesehatan.202408050759.db,places,null_required_column
2820,PAKAR AURA BATAM (Alternative medicine practitioner),0.0,0,0,,,"Perumahan Griya Mas Blok L No.08, Sungai Panas, Kec. Batam Kota, Kota Batam, Kepulauan Riau 29433",[object Object],,1.1306188,104.0336809,https://www.google.com/maps/place/PAKAR+AURA+BATAM/data=!4m7!3m6!1s0x31d989ab54a9a5b1:0xe12abda275018142!8m2!3d1.1306188!4d104.0336809!16s%2Fg%2F11fj0v06vb!19sChIJsaWpVKuJ2TERQoEBdaK9KuE?authuser=0&hl=en&rclk=1,-1.0,Healthcare,Indonesia.Batam.Kesehatan.202408050759.db,places,null_required_column
2838,PUSATT OOBATT AABORRSIII KAANDUNGAAN CYTTOOTTEC (Drug store),0.0,0,0,,,"Komp, Indonesia Batam centre, Jl. Ruko Greenland No.12 Blk. A5, Tlk. Tering, Kec. Batam Kota, Kota Batam, Kepulauan Riau 29444",[object Object],,1.1256651,104.0481281,https://www.google.com/maps/place/PUSATT+OOBATT+AABORRSIII+KAANDUNGAAN+CYTTOOTTEC/data=!4m7!3m6!1s0x31d989007c3ca293:0x58578502e89b91ec!8m2!3d1.1256651!4d104.0481281!16s%2Fg%2F11vt8b5cpq!19sChIJk6I8fACJ2TER7JGb6AKFV1g?authuser=0&hl=en&rclk=1,4.0,Healthcare,Indonesia.Batam.Kesehatan.202408050759.db,places,null_required_column
2839,PARFUM BABA BATAM (Youth care service),0.0,0,0,,,"Blk. E, Baloi kolam RT 002 RW 016, NOMOR 111, Kota Batam, Kepulauan Riau 29333",[object Object],0823-9085-8278,1.1307799,104.0240508,"https://www.google.com/maps/place/PARFUM+BABA+BATAM/@1.1307799,104.0240508,17z/data=!3m1!4b1!4m6!3m5!1s0x31d989afd5bdb619:0x31fad6381e38cb6f!8m2!3d1.1307799!4d104.0240508!16s%2Fg%2F11jsj1m8p8?authuser=0&hl=en&entry=ttu",4.0,Healthcare,Indonesia.Batam.Kesehatan.202408050759.db,places,null_required_column
2852,Urut Traditional CS168 (Massage therapist),0.0,0,0,,,"Perumahan Aku Tahu 1 Blok E. 8, Sungai Panas, Kec. Batam Kota, Kota Batam, Kepulauan Riau",[object Object],0822-8311-0079,1.1346639,104.0312053,https://www.google.com/maps/place/Urut+Traditional+CS168/data=!4m7!3m6!1s0x31d989132e11ac83:0x624e0b56ab44f6d7!8m2!3d1.1346639!4d104.0312053!16s%2Fg%2F11l30pys39!19sChIJg6wRLhOJ2TER1_ZEq1YLTmI?authuser=0&hl=en&rclk=1,5.0,Healthcare,Indonesia.Batam.Kesehatan.202408050759.db,places,null_required_column
2854,Itama Farma (Pharmacy),0.0,0,0,,,"Ruko Tanah Mas Tahap III Blok A No. 24, JL Laksamana Bintan, Sungai Panas, Batam, Kota Batam, Kepulauan Riau 29444",[object Object],(0778) 429047,1.132119,104.029723,"https://www.google.com/maps/place/Itama+Farma/@1.132119,104.029723,17z/data=!3m1!4b1!4m6!3m5!1s0x31d9897325879e49:0xc79926f851aed733!8m2!3d1.132119!4d104.029723!16s%2Fg%2F11bc7rh7m4?authuser=0&hl=en&entry=ttu",5.0,Healthcare,Indonesia.Batam.Kesehatan.202408050759.db,places,null_required_column
2855,drg  Lina Batam (Gigi Palsu Express) (Dentist),0.0,0,0,,,"Apotek Naomi, Jl. Laksamana Bintan Ruko MO-Q No.3, Sungai Panas, Kec. Batam Kota, Kota Batam, Kepulauan Riau 29433","[{""day"": ""Wednesday"", ""hours"": ""10:00 - 21:00""}, {""day"": ""Thursday"", ""hours"": ""10:00 - 21:00""}, {""day"": ""Friday"", ""hours"": ""10:00 - 21:00""}, {""day"": ""Saturday"", ""hours"": ""10:00 - 21:00""}, {""day"": ""Sunday"", ""hours"": ""10:00 - 21:00""}, {""day"": ""Monday"", ""hours"": ""10:00 - 21:00""}, {""day"": ""Tuesday"", ""hours"": ""10:00 - 21:00""}]",0812-7737-688,1.1422402,104.0277137,https://www.google.com/maps/place/drg.+Lina+Batam+%28Gigi+Palsu+Express%29/data=!4m7!3m6!1s0x31d9899f11295d3d:0x9ac79275790ba5e1!8m2!3d1.1422402!4d104.0277137!16s%2Fg%2F11y3x089qy!19sChIJPV0pEZ-J2TER4aULeXWSx5o?authuser=0&hl=en&rclk=1,0.0,Healthcare,Indonesia.Batam.Kesehatan.202408050759.db,places,null_required_column
2863,Griya Sehat Harmonis Batam (Chinese medicine clinic),0.0,0,0,,,"Yayasan Prajna Harmonis , Komp raffles city blok D no 5, Kota Batam, Kepulauan Riau 29461",[object Object],0851-6192-3436,1.1329612,104.0409489,https://www.google.com/maps/place/Griya+Sehat+Harmonis+Batam/data=!4m7!3m6!1s0x31d989a3da8bb50d:0x3fda8586aab66f7a!8m2!3d1.1329612!4d104.0409489!16s%2Fg%2F11kqy2yvzs!19sChIJDbWL2qOJ2TERem-2qoaF2j8?authuser=0&hl=en&rclk=1,4.0,Healthcare,Indonesia.Batam.Kesehatan.202408050759.db,places,null_required_column
2882,PSC Batam (Pharmacy),0.0,0,0,,,"Ruko Taman Seruni Indah Blok I No. 14, JL Ahmad Yani, Batam Center, Tlk. Tering, Kec. Batam Kota, Kota Batam, Kepulauan Riau 29444","[{""day"": ""Wednesday"", ""hours"": ""06:00 - 23:00""}, {""day"": ""Thursday"", ""hours"": ""06:00 - 23:00""}, {""day"": ""Friday"", ""hours"": ""06:00 - 23:00""}, {""day"": ""Saturday"", ""hours"": ""06:00 - 21:00""}, {""day"": ""Sunday"", ""hours"": ""06:00 - 21:00""}, {""day"": ""Monday"", ""hours"": ""06:00 - 23:00""}, {""day"": ""Tuesday"", ""hours"": ""06:00 - 23:00""}]",(0778) 466438,1.1294961,104.0388263,https://www.google.com/maps/place/PSC+Batam/data=!4m7!3m6!1s0x31d9890e29d27525:0x663a644875bb5fe1!8m2!3d1.1294961!4d104.0388263!16s%2Fg%2F11bc7p63ck!19sChIJJXXSKQ6J2TER4V-7dUhkOmY?authuser=0&hl=en&rclk=1,4.0,Healthcare,Indonesia.Batam.Kesehatan.202408050759.db,places,null_required_column
2890,Klinik Dr  Eviss Sp og Obat Kandungan Herbal Asli Batam (Urology clinic),0.0,0,0,,,"42FW+P55, Dekat, Tlk. Tering, Kec. Batam Kota, Kota Batam, Kepulauan Riau 29444",[object Object],0831-9832-3972,1.1243125,104.0454375,https://www.google.com/maps/place/Klinik+Dr.+Eviss+Sp.og+Obat+Kandungan+Herbal+Asli+Batam/data=!4m7!3m6!1s0x31d9893ee8bcb78d:0xf0a1a72e0e2d0ced!8m2!3d1.1243125!4d104.0454375!16s%2Fg%2F11vwt9jv74!19sChIJjbe86D6J2TER7QwtDi6nofA?authuser=0&hl=en&rclk=1,5.0,Healthcare,Indonesia.Batam.Kesehatan.202408050759.db,places,null_required_column
2893,Klinik Tiban Sehat (Medical clinic),0.0,0,0,,,"4X6M+QQX, Jl. Gajah Mada, Tiban Lama, Kec. Sekupang, Kota Batam, Kepulauan Riau 29425, Indonesia",[object Object],+62 819-3117-8484,1.111975,103.984478,https://www.google.com/maps/place/Klinik+Tiban+Sehat/data=!4m7!3m6!1s0x31d98bed490b5c23:0xe48b5346ed6787a!8m2!3d1.111975!4d103.984478!16s%2Fg%2F11btvl8k2y!19sChIJI1wLSe2L2TERenjWbjS1SA4?authuser=0&hl=en&rclk=1,5.0,Healthcare,Indonesia.Batam.Kesehatan.202408050759.db,places,null_required_column
2899,Klinik gigi (Dental clinic),0.0,0,0,,,"Harbourfront - Batam Centre, Teluk Tering, Batam Kota, Batam City, Riau Islands 09863",[object Object],0852-1397-5274,1.1303658,104.047472,"https://www.google.com/maps/place/Klinik+gigi/@1.1303658,104.047472,17z/data=!3m1!4b1!4m6!3m5!1s0x31d98997a39d59a7:0xa4cd7543924cfd8e!8m2!3d1.1303658!4d104.047472!16s%2Fg%2F11v13d_dyh?authuser=0&hl=en&entry=ttu",4.0,Healthcare,Indonesia.Batam.Kesehatan.202408050759.db,places,null_required_column
2914,Kesekretariatan YAKPM BPC Batam (Home health care service),0.0,0,0,,,"Perumahan Legenda Bali A2 No . 3B Batam Center, Baloi Permai, Batam Kota, Batam City, Riau Islands 29444",[object Object],0811-7019-500,1.1000539,104.048862,https://www.google.com/maps/place/Kesekretariatan+YAKPM+BPC+Batam/data=!4m7!3m6!1s0x31d98fc272a37791:0x7303c2be5eccfcf1!8m2!3d1.1000539!4d104.048862!16s%2Fg%2F11ghlt27z9!19sChIJkXejcsKP2TER8fzMXr7CA3M?authuser=0&hl=en&rclk=1,5.0,Healthcare,Indonesia.Batam.Kesehatan.202408050759.db,places,null_required_column
2918,KLINIK AABBOOORSSSII DR  PAUL PPEENGGGUUGUUURR KKAANNDUUNGGAAN DI BATAM (Urology clinic),0.0,0,0,,,"Dekat, Jl. Citra Batam, Tlk. Tering, Kec. Batam Kota, Kota Batam, Kepulauan Riau 29444",[object Object],0859-4733-6904,1.122777,104.0457241,https://www.google.com/maps/place/KLINIK+AABBOOORSSSII+DR.+PAUL+PPEENGGGUUGUUURR+KKAANNDUUNGGAAN+DI+BATAM/data=!4m7!3m6!1s0x31d989820820dc61:0xfc4fc0febb05bd6a!8m2!3d1.122777!4d104.0457241!16s%2Fg%2F11vymtzv0f!19sChIJYdwgCIKJ2TERar0Fu_7AT_w?authuser=0&hl=en&rclk=1,5.0,Healthcare,Indonesia.Batam.Kesehatan.202408050759.db,places,null_required_column
2919,Griya Sehat (Walk-in clinic),0.0,0,0,,,"32XX+QWF, Baloi Permai, Batam Kota, Batam City, Riau Islands 29444",[object Object],(0778) 423165,1.0994482,104.0498037,https://www.google.com/maps/place/Griya+Sehat/data=!4m7!3m6!1s0x31d98ed4f0fcb885:0x71a1fd5aa29b52ab!8m2!3d1.0994482!4d104.0498037!16s%2Fg%2F11bc7szyjq!19sChIJhbj88NSO2TERq1Kbolr9oXE?authuser=0&hl=en&rclk=1,4.0,Healthcare,Indonesia.Batam.Kesehatan.202408050759.db,places,null_required_column
2921,BRITISH PROPOLIS DISTRIBUTOR BATAM PROMO BISA COD (Vitamin & supplements store),0.0,0,0,,,"Purimas Residence 1 Blok A2 No 6, Kota Batam, Kepulauan Riau 29414",[object Object],0895-6035-03004,1.1189332,104.0572678,https://www.google.com/maps/place/BRITISH+PROPOLIS+DISTRIBUTOR+BATAM+PROMO+BISA+COD/data=!4m7!3m6!1s0x31d9f5d5c629fd91:0x2ec2c7422a2ef1c2!8m2!3d1.1189332!4d104.0572678!16s%2Fg%2F11fphj2pgs!19sChIJkf0pxtX12TERwvEuKkLHwi4?authuser=0&hl=en&rclk=1,4.0,Healthcare,Indonesia.Batam.Kesehatan.202408050759.db,places,null_required_column
2923,KLINIK AABBBOORRSSIII Dr  EILEEN PPEENGGGUUGUUURR KKANNDDUUNGGAANN DI BATAM (Urology clinic),0.0,0,0,,,"Jl. Mitra Raya No.70 blok A, Tlk. Tering, Kec. Batam Kota, Kota Batam, Kepulauan Riau 29444","[{""day"": ""Wednesday"", ""hours"": ""07:00 - 21:00""}, {""day"": ""Thursday"", ""hours"": ""07:00 - 21:00""}, {""day"": ""Friday"", ""hours"": ""07:00 - 21:00""}, {""day"": ""Saturday"", ""hours"": ""07:00 - 21:00""}, {""day"": ""Sunday"", ""hours"": ""07:00 - 21:00""}, {""day"": ""Monday"", ""hours"": ""07:00 - 21:00""}, {""day"": ""Tuesday"", ""hours"": ""07:00 - 21:00""}]",0859-6032-3559,1.1222984,104.0413106,https://www.google.com/maps/place/KLINIK+AABBBOORRSSIII+Dr.+EILEEN+PPEENGGGUUGUUURR+KKANNDDUUNGGAANN+DI+BATAM/data=!4m7!3m6!1s0x31d9894314b59f4b:0xce65799b9569ef69!8m2!3d1.1222984!4d104.0413106!16s%2Fg%2F11y3j3g1w_!19sChIJS5-1FEOJ2TERae9plZt5Zc4?authuser=0&hl=en&rclk=1,5.0,Healthcare,Indonesia.Batam.Kesehatan.202408050759.db,places,null_required_column
2931,trias empati (Public health department),0.0,0,0,,,,[object Object],0852-0634-8884,0.837166,104.053115,"https://www.google.com/maps/place/trias+empati/@0.837166,104.053115,10z/data=!3m1!4b1!4m6!3m5!1s0x663b310b3a926b1:0x3b23dc38d244118a!8m2!3d0.837166!4d104.053115!16s%2Fg%2F11l26q501x?authuser=0&hl=en&entry=ttu",,Healthcare,Indonesia.Batam.Kesehatan.202408050759.db,places,null_required_column
2935,Alat kesehatan (Local medical services),0.0,0,0,,,"4324+2V5 Hang lekir, Baloi Permai, Kec. Batam Kota, Kota Batam, Kepulauan Riau 29143",[object Object],0813-7259-4321,1.1000044,104.0572256,https://www.google.com/maps/place/Alat+kesehatan/data=!4m7!3m6!1s0x31d98fc7c38193e3:0xd6862a47860bf68e!8m2!3d1.1000044!4d104.0572256!16s%2Fg%2F11j1h3zhyg!19sChIJ45OBw8eP2TERjvYLhkcqhtY?authuser=0&hl=en&rclk=1,0.0,Healthcare,Indonesia.Batam.Kesehatan.202408050759.db,places,null_required_column
2939,PT  MEDIKA MANDIRI INDONESIA (Medical equipment supplier),0.0,0,0,,,"Jl. Laksamana Bintan, Komplek Ruko Royal Sincom Blok F No.17, RT.001/RW.011, Tlk. Tering, Kec. Batam Kota, Kota Batam, Kepulauan Riau 29461",[object Object],0819-1910-1088,1.11547,104.0543905,https://www.google.com/maps/place/PT.+MEDIKA+MANDIRI+INDONESIA/data=!4m7!3m6!1s0x31d989530af57a97:0xa02ea98dc68ad848!8m2!3d1.11547!4d104.0543905!16s%2Fg%2F11v67pmz13!19sChIJl3r1ClOJ2TERSNiKxo2pLqA?authuser=0&hl=en&rclk=1,0.0,Healthcare,Indonesia.Batam.Kesehatan.202408050759.db,places,null_required_column
2941,Argho dhalem lestari terapi herbal (Alternative medicine practitioner),0.0,0,0,,,"Komp, Jl. Citra Kota Mas, Tlk. Tering, Kec. Batam Kota, Kota Batam, Kepulauan Riau 29444",[object Object],0822-6777-7166,1.1239864,104.0452933,https://www.google.com/maps/place/Argho+dhalem+lestari+terapi+herbal/data=!4m7!3m6!1s0x31d9890002de929d:0x752f059c0c6dfa!8m2!3d1.1239864!4d104.0452933!16s%2Fg%2F11ldx8tjb8!19sChIJnZLeAgCJ2TER-m0MnAUvdQA?authuser=0&hl=en&rclk=1,5.0,Healthcare,Indonesia.Batam.Kesehatan.202408050759.db,places,null_required_column
2951,Klinik Kesehatan Pemko Batam (Medical office),0.0,0,0,,,"43H4+748, Teluk Tering, Batam Kota, Batam City, Riau Islands",[object Object],(0778) 462217,1.1281673,104.0553388,https://www.google.com/maps/place/Klinik+Kesehatan+Pemko+Batam/data=!4m7!3m6!1s0x31d9890965d5c54b:0x2a09198d9eedf62c!8m2!3d1.1281673!4d104.0553388!16s%2Fg%2F11hzymfgzf!19sChIJS8XVZQmJ2TERLPbtno0ZCSo?authuser=0&hl=en&rclk=1,5.0,Healthcare,Indonesia.Batam.Kesehatan.202408050759.db,places,null_required_column
2953,Klinik Dr  Gracia Di Batam (Urology clinic),0.0,0,0,,,"Dekat, Jl. Perum Purimas, Tlk. Tering, Kec. Batam Kota, Kota Batam, Kepulauan Riau 52991",[object Object],0838-7953-8122,1.1175155,104.0576904,https://www.google.com/maps/place/Klinik+Dr.+Gracia+Di+Batam/data=!4m7!3m6!1s0x31d98948f1f9faa7:0xde49d498773d695e!8m2!3d1.1175155!4d104.0576904!16s%2Fg%2F11vr8zcgls!19sChIJp_r58UiJ2TERXmk9d5jUSd4?authuser=0&hl=en&rclk=1,4.0,Healthcare,Indonesia.Batam.Kesehatan.202408050759.db,places,null_required_column
2973,PT Endar Jaya Makmur (Public medical center),0.0,0,0,,,"komplek Town House, Blk. Melati No.23, Patam Lestari, Kec. Sekupang, Kota Batam, Kepulauan Riau 29427, Indonesia",[object Object],,1.1318088,103.97733,https://www.google.com/maps/place/PT+Endar+Jaya+Makmur/data=!4m7!3m6!1s0x31d98b44b8029c3b:0x8726794c9aa970b!8m2!3d1.1318088!4d103.97733!16s%2Fg%2F11sjnnmrq9!19sChIJO5wCuESL2TERC5eqyZRncgg?authuser=0&hl=en&rclk=1,5.0,Healthcare,Indonesia.Batam.Kesehatan.202408050759.db,places,null_required_column
2978,BELGIE PRO SKINCARE BATAM (Health and beauty shop),0.0,0,0,,,"Purimas residence 1, Blk. A2 No.6, Tlk. Tering, Kec. Batam Kota, Kota Batam, Kepulauan Riau 29411",[object Object],0895-6035-03004,1.1185579,104.057482,https://www.google.com/maps/place/BELGIE+PRO+SKINCARE+BATAM/data=!4m7!3m6!1s0x31d989447814fbf9:0x6434350f2cf5fab8!8m2!3d1.1185579!4d104.057482!16s%2Fg%2F11mv4t6xsc!19sChIJ-fsUeESJ2TERuPr1LA81NGQ?authuser=0&hl=en&rclk=1,5.0,Healthcare,Indonesia.Batam.Kesehatan.202408050759.db,places,null_required_column
2982,Apotek Sahabat Farma (Pharmacy),0.0,0,0,,,"Komplek Ruko Cipta Puri Tiban Blok BB No 09, Kota Batam, Kepulauan Riau 29424, Indonesia",[object Object],+62 812-7697-9030,1.108556,103.9641367,"https://www.google.com/maps/place/Apotek+Sahabat+Farma/@1.108556,103.9641367,17z/data=!3m1!4b1!4m6!3m5!1s0x31d98b4d67e76fbd:0x1afac57adb417cbb!8m2!3d1.108556!4d103.9641367!16s%2Fg%2F11tjzrk6gw?authuser=0&hl=en&entry=ttu",4.0,Healthcare,Indonesia.Batam.Kesehatan.202408050759.db,places,null_required_column
2985,Food links batam (Health food store),0.0,0,0,,,"Jalan engku putri 1, Depan hotel No.01, Kota Batam, Kepulauan Riau 29444","[{""day"": ""Wednesday"", ""hours"": ""18:30 - 00:00""}, {""day"": ""Thursday"", ""hours"": ""18:30 - 00:00""}, {""day"": ""Friday"", ""hours"": ""18:30 - 00:00""}, {""day"": ""Saturday"", ""hours"": ""18:30 - 00:00""}, {""day"": ""Sunday"", ""hours"": ""18:30 - 00:00""}, {""day"": ""Monday"", ""hours"": ""18:30 - 00:00""}, {""day"": ""Tuesday"", ""hours"": ""18:30 - 00:00""}]",0822-6834-4415,1.1307466,104.0471316,https://www.google.com/maps/place/Food+links+batam/data=!4m7!3m6!1s0x31d989d9fc5e6115:0xf23447332955b388!8m2!3d1.1307466!4d104.0471316!16s%2Fg%2F11vrvkbnt9!19sChIJFWFe_NmJ2TERiLNVKTNHNPI?authuser=0&hl=en&rclk=1,5.0,Healthcare,Indonesia.Batam.Kesehatan.202408050759.db,places,null_required_column
2999,Posyandu Tulip 1 (Public medical center),0.0,0,0,,,"4X5P+Q25, Jalan Tiban Kampung, Tiban Lama, Kec. Sekupang, Kota Batam, Kepulauan Riau 29425, Indonesia",[object Object],,1.1093937,103.9850985,https://www.google.com/maps/place/Posyandu+Tulip+1/data=!4m7!3m6!1s0x31d98bf2679cf0a9:0xead3d47c1fd3e419!8m2!3d1.1093937!4d103.9850985!16s%2Fg%2F11bttrnypp!19sChIJqfCcZ_KL2TERGeTTH3zU0-o?authuser=0&hl=en&rclk=1,-1.0,Healthcare,Indonesia.Batam.Kesehatan.202408050759.db,places,null_required_column
3005,Posyandu Lansia Ngenang Puskesmas Kabil (Public health department),0.0,0,0,,,"2576+WFJ, Ngenang, Nongsa, Batam City, Riau Islands",[object Object],,1.0148446,104.1611302,https://www.google.com/maps/place/Posyandu+Lansia+Ngenang+Puskesmas+Kabil/data=!4m7!3m6!1s0x31d99b22fb164527:0xff190425eb07fec3!8m2!3d1.0148446!4d104.1611302!16s%2Fg%2F11f61dcmrd!19sChIJJ0UW-yKb2TERw_4H6yUEGf8?authuser=0&hl=en&rclk=1,5.0,Healthcare,Indonesia.Batam.Kesehatan.202408050759.db,places,null_required_column
3006,Posyandu Lansia Pulau Ngenang (Public medical center),0.0,0,0,,,"25CH+6Q9, Ngenang, Nongsa, Batam City, Riau Islands 29468",[object Object],0819-2713-3032,1.0205269,104.1794848,https://www.google.com/maps/place/Posyandu+Lansia+Pulau+Ngenang/data=!4m7!3m6!1s0x31d99b9eec92ad65:0x606c1da124ba5210!8m2!3d1.0205269!4d104.1794848!16s%2Fg%2F11ghnnpb3w!19sChIJZa2S7J6b2TEREFK6JKEdbGA?authuser=0&hl=en&rclk=1,5.0,Healthcare,Indonesia.Batam.Kesehatan.202408050759.db,places,null_required_column
3011,Puskesmas Pembantu Tiban Indah (Public medical center),0.0,0,0,,,"4X9H+347, Jl. Tiban Indah, Tiban Indah, Kec. Sekupang, Kota Batam, Kepulauan Riau 29426, Indonesia",[object Object],+62 778 321835,1.117653,103.977812,https://www.google.com/maps/place/Puskesmas+Pembantu+Tiban+Indah/data=!4m7!3m6!1s0x31d98b96840e31c3:0x3f54681a81bf77f6!8m2!3d1.117653!4d103.977812!16s%2Fg%2F11c3hw6yst!19sChIJwzEOhJaL2TER9ne_gRpoVD8?authuser=0&hl=en&rclk=1,0.0,Healthcare,Indonesia.Batam.Kesehatan.202408050759.db,places,null_required_column
3019,KLINIK KURET BATAM RESMI DR NOVITA SP OG (Medical clinic),0.0,0,0,,,"Mega Mall Batam Center, Jl. Engku Putri Utara, Tlk. Tering, Kec. Batam Kota, Kota Batam, Kepulauan Riau 29432",[object Object],0877-3825-5746,1.1296938,104.0566811,https://www.google.com/maps/place/KLINIK+KURET+BATAM+RESMI+DR.NOVITA+SP.OG/data=!4m7!3m6!1s0x31d98946b6f0b1a7:0x9dfeb2fc4c1fd160!8m2!3d1.1296938!4d104.0566811!16s%2Fg%2F11w3yz0bln!19sChIJp7HwtkaJ2TERYNEfTPyy_p0?authuser=0&hl=en&rclk=1,0.0,Healthcare,Indonesia.Batam.Kesehatan.202408050759.db,places,null_required_column
3021,Posyandu Nusa Indah VII (Public medical center),0.0,0,0,,,"54P7+9G7, Unnamed Road, Sambau, Kecamatan Nongsa, Kota Batam, Kepulauan Riau",[object Object],,1.18591,104.1137902,https://www.google.com/maps/place/Posyandu+Nusa+Indah+VII/data=!4m7!3m6!1s0x31da29233854d8cf:0x748bb150e7d2c4ef!8m2!3d1.18591!4d104.1137902!16s%2Fg%2F11h55mg_gf!19sChIJz9hUOCMp2jER78TS51Cxi3Q?authuser=0&hl=en&rclk=1,0.0,Healthcare,Indonesia.Batam.Kesehatan.202408050759.db,places,null_required_column
3024,Sambau4 (Pharmacy),0.0,0,0,,,"5444+C5C, Sambau, Nongsa, Batam City, Riau Islands",[object Object],,1.1560607,104.1053758,https://www.google.com/maps/place/Sambau4/data=!4m7!3m6!1s0x31d98700664f5159:0x5b4bd85f67b8be18!8m2!3d1.1560607!4d104.1053758!16s%2Fg%2F11y3nrkvzz!19sChIJWVFPZgCH2TERGL64Z1_YS1s?authuser=0&hl=en&rclk=1,5.0,Healthcare,Indonesia.Batam.Kesehatan.202408050759.db,places,null_required_column
3025,Apotek Prima Farma Nongsa Batam (Pharmacy),0.0,0,0,,,"5452+683, ruko nongsa center, Sambau, Kecamatan Nongsa, Kota Batam, Kepulauan Riau 29465","[{""day"": ""Wednesday"", ""hours"": ""08:00 - 21:00""}, {""day"": ""Thursday"", ""hours"": ""08:00 - 21:00""}, {""day"": ""Friday"", ""hours"": ""08:00 - 21:00""}, {""day"": ""Saturday"", ""hours"": ""08:00 - 21:00""}, {""day"": ""Sunday"", ""hours"": ""08:00 - 21:00""}, {""day"": ""Monday"", ""hours"": ""08:00 - 21:00""}, {""day"": ""Tuesday"", ""hours"": ""08:00 - 21:00""}]",0812-7510-6716,1.1580073,104.1007984,https://www.google.com/maps/place/Apotek+Prima+Farma+Nongsa+Batam/data=!4m7!3m6!1s0x31d9874afb4a8911:0xb3694deaf90f080!8m2!3d1.1580073!4d104.1007984!16s%2Fg%2F11f65bs9mr!19sChIJEYlK-0qH2TERgPCQr96UNgs?authuser=0&hl=en&rclk=1,0.0,Healthcare,Indonesia.Batam.Kesehatan.202408050759.db,places,null_required_column
3039,Seksi Pelayanan Kesehatan Primer Batam (Community health centre),0.0,0,0,,,,[object Object],0812-7033-1985,0.837166,104.053115,https://www.google.com/maps/place/Seksi+Pelayanan+Kesehatan+Primer+Batam/data=!4m7!3m6!1s0x69ea5b8328f47097:0x26bbb968a0f16ed2!8m2!3d0.837166!4d104.053115!16s%2Fg%2F11vzccqpzf!19sChIJl3D0KINb6mkR0m7xoGi5uyY?authuser=0&hl=en&rclk=1,0.0,Healthcare,Indonesia.Batam.Kesehatan.202408050759.db,places,null_required_column
3063,Ang Home (Health counselor),0.0,0,0,,,"Tiban Koperasi, Blk. D No.62, Tiban Baru, Sekupang, Batam City, Riau Islands 29424, Indonesia",[object Object],,1.1044663,103.9650426,"https://www.google.com/maps/place/Ang+Home/@1.1044663,103.9650426,17z/data=!3m1!4b1!4m6!3m5!1s0x31d98bd63baadd3b:0x8fc3790fd28eb465!8m2!3d1.1044663!4d103.9650426!16s%2Fg%2F11tfw2ttfp?authuser=0&hl=en&entry=ttu",4.0,Healthcare,Indonesia.Batam.Kesehatan.202408050759.db,places,null_required_column
363,Sari Massage,0.0,0,0,Massage therapist,[],+62 813-1483-1094,[],+62 813-1483-1094,0.837166,104.053115,https://www.google.com/maps/place/Sari+Massage/data=!4m7!3m6!1s0xa42a24d39d53d95d:0x5bf0a824656aec2f!8m2!3d0.837166!4d104.053115!16s%2Fg%2F11vy5nxc7b!19sChIJXdlTndMkKqQRL-xqZSSo8Fs?authuser=0&hl=en&rclk=1,5.0,Healthcare,Indonesia.Batam.Kesehatan.202408050759.db,places,out_of_batam_bounds
368,anitasalon,4.8,5,0,Hair salon,[],+62 812-7761-6363,"[{ day: 'Monday', hours: '06:00 – 22:00' }, { day: 'Tuesday', hours: '06:00 – 22:00' }, { day: 'Wednesday', hours: '06:00 – 22:00' }, { day: 'Thursday', hours: '06:00 – 22:00' }, { day: 'Friday', hours: '06:00 – 22:00' }, { day: 'Saturday', hours: '06:00 – 22:00' }, { day: 'Sunday', hours: '06:00 – 22:00' }]",+62 812-7761-6363,0.837166,104.053115,https://www.google.com/maps/place/anitasalon/data=!4m7!3m6!1s0x31d98999b5f77db1:0x4a061e6a74fe3c75!8m2!3d0.837166!4d104.053115!16s%2Fg%2F1hm2vhkfb!19sChIJsX33tZmJ2TERdTz-dGoeBko?authuser=0&hl=en&rclk=1,5.0,Healthcare,Indonesia.Batam.Kesehatan.202408050759.db,places,out_of_batam_bounds
729,shineskin beauty clinic,0.0,0,0,Specialized clinic,[],+62 821-7230-0429,"[{ day: 'Monday', hours: '09:00 – 20:00' }, { day: 'Tuesday', hours: '09:00 – 20:00' }, { day: 'Wednesday', hours: '09:00 – 20:00' }, { day: 'Thursday', hours: '09:00 – 21:00' }, { day: 'Friday', hours: '09:00 – 20:00' }, { day: 'Saturday', hours: '09:00 – 21:00' }, { day: 'Sunday', hours: '09:00 – 20:00' }]",+62 821-7230-0429,0.837166,104.053115,https://www.google.com/maps/place/shineskin+beauty+clinic/data=!4m7!3m6!1s0x513c1ed2f647475:0xf4361929e27b2161!8m2!3d0.837166!4d104.053115!16s%2Fg%2F11k4vkg0rx!19sChIJdXRkL-3BEwURYSF74ikZNvQ?authuser=0&hl=en&rclk=1,-1.0,Healthcare,Indonesia.Batam.Kesehatan.202408050759.db,places,out_of_batam_bounds
776,Amartha Spa & Massage,5.0,1,0,Spa,[],+62 811-2222-6689,"[{ day: 'Monday', hours: '10:00 – 22:00' }, { day: 'Tuesday', hours: '10:00 – 22:00' }, { day: 'Wednesday', hours: '10:00 – 22:00' }, { day: 'Thursday', hours: '10:00 – 22:00' }, { day: 'Friday', hours: '10:00 – 22:00' }, { day: 'Saturday', hours: '10:00 – 22:00' }, { day: 'Sunday', hours: '10:00 – 22:00' }]",+62 811-2222-6689,0.837166,104.053115,https://www.google.com/maps/place/Amartha+Spa+%26+Massage/data=!4m7!3m6!1s0xa874bbdf9814c7af:0x1ef5046a1aaf60bd!8m2!3d0.837166!4d104.053115!16s%2Fg%2F11vbt2z6qg!19sChIJr8cUmN-7dKgRvWCvGmoE9R4?authuser=0&hl=en&rclk=1,-1.0,Healthcare,Indonesia.Batam.Kesehatan.202408050759.db,places,out_of_batam_bounds
882,PT BERKAH ANEKA KARYA,0.0,0,0,Health and beauty shop,[],berkahanekakarya.com,[],+62 811-7040-171,0.837166,104.053115,https://www.google.com/maps/place/PT+BERKAH+ANEKA+KARYA/data=!4m7!3m6!1s0x8f7aa9338a8f6fcb:0x6bab38586cdf1f05!8m2!3d0.837166!4d104.053115!16s%2Fg%2F11v6fj6565!19sChIJy2-PijOpeo8RBR_fbFg4q2s?authuser=0&hl=en&rclk=1,4.0,Healthcare,Indonesia.Batam.Kesehatan.202408050759.db,places,out_of_batam_bounds
896,SR12 Herbal Batam,0.0,0,0,Cosmetics store,[],+62 819-9111-9203,[],+62 819-9111-9203,1.7012151,106.2211275,https://www.google.com/maps/place/SR12+Herbal+Batam/data=!4m7!3m6!1s0x31d98b7f95a5db73:0x8f1fe07d8819b361!8m2!3d1.7012151!4d106.2211275!16s%2Fg%2F11g_sydsdn!19sChIJc9ullX-L2TERYbMZiH3gH48?authuser=0&hl=en&rclk=1,5.0,Healthcare,Indonesia.Batam.Kesehatan.202408050759.db,places,out_of_batam_bounds
898,MooiBeautyCare,0.0,0,0,Health spa,[],+62 821-3185-4382,[],+62 821-3185-4382,0.837166,104.053115,https://www.google.com/maps/place/MooiBeautyCare/data=!4m7!3m6!1s0x8ab3395ab5a38e77:0x8f622b9abf7fba93!8m2!3d0.837166!4d104.053115!16s%2Fg%2F11trzwcxfd!19sChIJd46jtVo5s4oRk7p_v5orYo8?authuser=0&hl=en&rclk=1,5.0,Healthcare,Indonesia.Batam.Kesehatan.202408050759.db,places,out_of_batam_bounds
900,As-Syifaa Lugu Alami Bekam Herbal Akupunktur Thibbun Nabawi,0.0,0,0,Health consultant,[],facebook.com,[],+62 813-6470-4360,-2.44565,117.8888,https://www.google.com/maps/place/As-Syifaa+Lugu+Alami+Bekam+Herbal+Akupunktur+Thibbun+Nabawi/data=!4m7!3m6!1s0xa08144f78d7faf5:0xaf6ce5a56d24ea77!8m2!3d-2.44565!4d117.8888!16s%2Fg%2F11thlyn4tl!19sChIJ9frXeE8UCAoRd-okbaXlbK8?authuser=0&hl=en&rclk=1,0,Healthcare,Indonesia.Batam.Kesehatan.202408050759.db,places,out_of_batam_bounds
1659,PT Buana sehat sentosa,0.0,0,0,Medical office,[],+62 812-7741-5566,"[{ day: 'Monday', hours: '08:00 – 16:00' }, { day: 'Tuesday', hours: '08:00 – 16:00' }, { day: 'Wednesday', hours: '08:00 – 16:00' }, { day: 'Thursday', hours: '08:00 – 16:00' }, { day: 'Friday', hours: '08:00 – 16:00' }, { day: 'Saturday', hours: '20:00 – 00:00' }, { day: 'Sunday', hours: '00:00 – 16:00' }]",+62 812-7741-5566,0.837166,104.053115,https://www.google.com/maps/place/PT.Buana+sehat+sentosa/data=!4m7!3m6!1s0x62d166f309b25b01:0x4c89e5528b222e9!8m2!3d0.837166!4d104.053115!16s%2Fg%2F11trzpchmt!19sChIJAVuyCfNm0WIR6SKyKFWeyAQ?authuser=0&hl=en&rclk=1,4.0,Healthcare,Indonesia.Batam.Kesehatan.202408050759.db,places,out_of_batam_bounds
1661,Klinik BIP,0.0,0,0,Medical office,[],bipklinik.com,"[{ day: 'Monday', hours: '08:00 – 20:00' }, { day: 'Tuesday', hours: '08:00 – 20:00' }, { day: 'Wednesday', hours: '08:00 – 20:00' }, { day: 'Thursday', hours: '08:00 – 20:00' }, { day: 'Friday', hours: '08:00 – 20:00' }, { day: 'Saturday', hours: '08:00 – 20:00' }, { day: 'Sunday', hours: '08:30 – 20:00' }]",,0.837166,104.053115,https://www.google.com/maps/place/Klinik+BIP/data=!4m7!3m6!1s0x8359ee83ba4342c9:0x7606d2e587dba354!8m2!3d0.837166!4d104.053115!16s%2Fg%2F11l244t0xl!19sChIJyUJDuoPuWYMRVKPbh-XSBnY?authuser=0&hl=en&rclk=1,5.0,Healthcare,Indonesia.Batam.Kesehatan.202408050759.db,places,out_of_batam_bounds
1675,Madu asli hutan liar Pasaman,0.0,0,0,Health and beauty shop,[],+62 812-6658-4871,[],+62 812-6658-4871,0.837166,104.053115,https://www.google.com/maps/place/Madu+asli+hutan+liar+Pasaman/data=!4m7!3m6!1s0xe8b909bd2aa0a2b:0x1c494957a199aae6!8m2!3d0.837166!4d104.053115!16s%2Fg%2F11t73900_r!19sChIJKwqq0puQiw4R5qqZoVdJSRw?authuser=0&hl=en&rclk=1,4.0,Healthcare,Indonesia.Batam.Kesehatan.202408050759.db,places,out_of_batam_bounds
1925,Klinik Kesehatan Pratama Muhammadiyah,0.0,0,0,Medical office,[],+62 852-7205-0063,[],+62 852-7205-0063,0.917062,104.4845973,https://www.google.com/maps/place/Klinik+Kesehatan+Pratama+Muhammadiyah/data=!4m7!3m6!1s0x449178c268b82eb9:0xa40a289ee9e0f3a1!8m2!3d0.917062!4d104.4845973!16s%2Fg%2F11stqj7lqr!19sChIJuS64aMJ4kUQRofPg6Z4oCqQ?authuser=0&hl=en&rclk=1,5.0,Healthcare,Indonesia.Batam.Kesehatan.202408050759.db,places,out_of_batam_bounds
1926,Kesehatan dan kecantikan,0.0,0,0,Health and beauty shop,[],+62 813-7711-5327,[],+62 813-7711-5327,0.917062,104.4845973,https://www.google.com/maps/place/Kesehatan+dan+kecantikan/data=!4m7!3m6!1s0x31d96df6e5a97551:0xedd340835bf874f0!8m2!3d0.917062!4d104.4845973!16s%2Fg%2F11jlggxcnv!19sChIJUXWp5fZt2TER8HT4W4NA0-0?authuser=0&hl=en&rclk=1,5.0,Healthcare,Indonesia.Batam.Kesehatan.202408050759.db,places,out_of_batam_bounds
2087,Kantor Kelurahan Sijantung,0.0,0,0,Local government office,[],"Q5FM+X62, Sijantung, Galang, Batam City, Riau Islands 29481, Indonesia",[],,0.7748941,104.183014,https://www.google.com/maps/place/Kantor+Kelurahan+Sijantung/data=!4m7!3m6!1s0x31d9a5f2eced9785:0xfdb0d37e975e26!8m2!3d0.7748941!4d104.183014!16s%2Fg%2F11g4hdbbjj!19sChIJhZft7PKl2TERJl6XftOw_QA?authuser=0&hl=en&rclk=1,-1.0,Healthcare,Indonesia.Batam.Kesehatan.202408050759.db,places,out_of_batam_bounds
2089,Galang baru,4.0,1,0,Tourist attraction,[],"M764+6HP, Pulau Galang-baru, Galang Baru, Galang, Kota Batam, Kepulauan Riau 29487, Indonesia",[],+62 813-6357-0886,0.6605779,104.2564455,https://www.google.com/maps/place/Galang+baru/data=!4m7!3m6!1s0x31d9a94bb7293715:0x99323bed777c87e0!8m2!3d0.6605779!4d104.2564455!16s%2Fg%2F11rkp7jj7y!19sChIJFTcpt0up2TER4Id8d-07Mpk?authuser=0&hl=en&rclk=1,5.0,Healthcare,Indonesia.Batam.Kesehatan.202408050759.db,places,out_of_batam_bounds
2090,Selat Barelang Ujung,0.0,0,0,Hospital,[],"J8X5+CCC, South China Sea, Galang Baru, Galang, Kota Batam, Kepulauan Riau, Indonesia",[],,0.6485594,104.3085045,https://www.google.com/maps/place/Selat+Barelang+Ujung/data=!4m7!3m6!1s0x31d900b7c4849a91:0xd5bc5f981ac8727b!8m2!3d0.6485594!4d104.3085045!16s%2Fg%2F11c51_b4wb!19sChIJkZqExLcA2TERe3LIGphfvNU?authuser=0&hl=en&rclk=1,4.0,Healthcare,Indonesia.Batam.Kesehatan.202408050759.db,places,out_of_batam_bounds
2184,trias empati,0.0,0,0,Public health department,[],+62 852-0634-8884,[],+62 852-0634-8884,0.837166,104.053115,https://www.google.com/maps/place/trias+empati/data=!4m7!3m6!1s0x663b310b3a926b1:0x3b23dc38d244118a!8m2!3d0.837166!4d104.053115!16s%2Fg%2F11l26q501x!19sChIJsSapsxCzYwYRihFE0jjcIzs?authuser=0&hl=en&rclk=1,,Healthcare,Indonesia.Batam.Kesehatan.202408050759.db,places,out_of_batam_bounds
2225,POS KESEHATAN DESA(POSKESDES),0.0,0,0,Hospital,[],"P62M+22M, Galang Baru, Galang, Batam City, Riau Islands, Indonesia",[],,0.7000998,104.23254,https://www.google.com/maps/place/POS+KESEHATAN+DESA%28POSKESDES%29/data=!4m7!3m6!1s0x31d9a8fbcb069b33:0xd03d610015fb42e7!8m2!3d0.7000998!4d104.23254!16s%2Fg%2F11dx99cq8w!19sChIJM5sGy_uo2TER50L7FQBhPdA?authuser=0&hl=en&rclk=1,-1.0,Healthcare,Indonesia.Batam.Kesehatan.202408050759.db,places,out_of_batam_bounds
2226,Balai Pengobatan Wahyu,0.0,0,0,Walk-in clinic,[],"P6XH+29V, Karas, Galang, Batam City, Riau Islands 29485, Indonesia",[],+62 61 7980531,0.747611,104.2284157,https://www.google.com/maps/place/Balai+Pengobatan+Wahyu/data=!4m7!3m6!1s0x31d9a637f312f0c7:0xae4f49b98aafc6a!8m2!3d0.747611!4d104.2284157!16s%2Fg%2F11bc7sbfhr!19sChIJx_AS8zem2TERavyqmJv05Ao?authuser=0&hl=en&rclk=1,5.0,Healthcare,Indonesia.Batam.Kesehatan.202408050759.db,places,out_of_batam_bounds
2229,Posyandu maha Dahlia 1,0.0,0,0,Nutritionist,[],"W5XV+3F, Subang Mas, Galang, Batam City, Riau Islands, Indonesia",[],,0.9476952,104.1937103,https://www.google.com/maps/place/Posyandu+maha+Dahlia+1/data=!4m7!3m6!1s0x31d99f59a112e653:0xc0bcaebf5037fa2!8m2!3d0.9476952!4d104.1937103!16s%2Fg%2F11v0y0sm7v!19sChIJU-YSoVmf2TERon8D9evKCww?authuser=0&hl=en&rclk=1,4.0,Healthcare,Indonesia.Batam.Kesehatan.202408050759.db,places,out_of_batam_bounds
2235,Pulau Subangmas,4.8,13,0,Island,[],"Subang Mas, Galang, Batam City, Riau Islands, Indonesia",[],,0.9333333,104.1666667,https://www.google.com/maps/place/Pulau+Subangmas/data=!4m7!3m6!1s0x31d99914d6bd8ced:0xe8548639ca2ddc09!8m2!3d0.9333333!4d104.1666667!16s%2Fg%2F11b_02zwyc!19sChIJ7Yy91hSZ2TERCdwtyjmGVOg?authuser=0&hl=en&rclk=1,5.0,Healthcare,Indonesia.Batam.Kesehatan.202408050759.db,places,out_of_batam_bounds
2237,Kantor Lurah Subang Mas,1.0,1,0,Council,[],"W5WW+7FJ, Subang Mas, Galang, Batam City, Riau Islands, Indonesia",[],,0.9457077,104.1961487,https://www.google.com/maps/place/Kantor+Lurah+Subang+Mas/data=!4m7!3m6!1s0x31d99eac57876e67:0x105090be806aa965!8m2!3d0.9457077!4d104.1961487!16s%2Fg%2F11g6mjx278!19sChIJZ26HV6ye2TERZalqgL6QUBA?authuser=0&hl=en&rclk=1,5.0,Healthcare,Indonesia.Batam.Kesehatan.202408050759.db,places,out_of_batam_bounds
2268,Puskesmas Kuala Sempang,4.0,3,0,Public medical center,[],"28GR+Q9F, Jl. Jemb., Burung Dinang, Dempo Tengah, Kota Pagar Alam, Sumatera Selatan 31581, Indonesia","[{ day: 'Monday', hours: '08:00 – 12:00' }, { day: 'Tuesday', hours: '08:00 – 12:00' }, { day: 'Wednesday', hours: '08:00 – 12:00' }, { day: 'Thursday', hours: '08:00 – 12:00' }, { day: 'Friday', hours: '08:00 – 11:30' }, { day: 'Saturday', hours: '08:00 – 12:00' }, { day: 'Sunday', hours: '09:00 – 12:00' }]",,1.0269485,104.3409103,https://www.google.com/maps/place/Puskesmas+Kuala+Sempang/data=!4m7!3m6!1s0x31d979d6490b2207:0xca648eaa4257c6e1!8m2!3d1.0269485!4d104.3409103!16s%2Fg%2F11clymxvz4!19sChIJByILSdZ52TER4cZXQqqOZMo?authuser=0&hl=en&rclk=1,5.0,Healthcare,Indonesia.Batam.Kesehatan.202408050759.db,places,out_of_batam_bounds
2276,puskesmas teluk sasah,2.7,13,0,Public medical center,[],"Teluk Sasah, Seri Kuala Lobam, Bintan Regency, Riau Islands 29152, Indonesia",[],,1.0404139,104.2484197,https://www.google.com/maps/place/puskesmas+teluk+sasah/data=!4m7!3m6!1s0x31d983e40e1c9e67:0xed68b66f6ff28253!8m2!3d1.0404139!4d104.2484197!16s%2Fg%2F11lg084dzp!19sChIJZ54cDuSD2TERU4Lyb2-2aO0?authuser=0&hl=en&rclk=1,5.0,Healthcare,Indonesia.Batam.Kesehatan.202408050759.db,places,out_of_batam_bounds
2277,Puskesmas Kawal,5.0,5,0,Public medical center,[],"XJR3+52R, Unnamed Road, Kawal, Kec. Gn. Kijang, Kabupaten Bintan, Kepulauan Riau 29151, Indonesia",[],,0.990489,104.6025156,https://www.google.com/maps/place/Puskesmas+Kawal/data=!4m7!3m6!1s0x31d969a15d895115:0xc85baecba7747d4d!8m2!3d0.990489!4d104.6025156!16s%2Fg%2F11fk8fmq1m!19sChIJFVGJXaFp2TERTX10p8uuW8g?authuser=0&hl=en&rclk=1,5.0,Healthcare,Indonesia.Batam.Kesehatan.202408050759.db,places,out_of_batam_bounds
2287,BARBERHOUSE,0.0,0,0,Barber shop,[],"215 Ang Mo Kio Ave 1, Singapore 560215",[],,1.3666899,103.84155,https://www.google.com/maps/place/BARBERHOUSE/data=!4m7!3m6!1s0x31da17002dc18c2d:0x7a747753ea7445a7!8m2!3d1.3666899!4d103.84155!16s%2Fg%2F11lf4trslj!19sChIJLYzBLQAX2jERp0V06lN3dHo?authuser=0&hl=en&rclk=1,4.0,Healthcare,Indonesia.Batam.Kesehatan.202408050759.db,places,out_of_batam_bounds
2310,Puskesmas Pembantu Tj  Gundap,0.0,0,0,Public medical center,[],"X2R5+VWH, Jl. Tj. Gundap, Tembesi, Kec. Sagulung, Kota Batam, Kepulauan Riau 29472, Indonesia",[],,0.9921782,104.0098552,https://www.google.com/maps/place/Puskesmas+Pembantu+Tj.+Gundap/data=!4m7!3m6!1s0x31d9918055b727ff:0x9e2dfb5a15ed69b7!8m2!3d0.9921782!4d104.0098552!16s%2Fg%2F11csq67b9q!19sChIJ_ye3VYCR2TERt2ntFVr7LZ4?authuser=0&hl=en&rclk=1,4.0,Healthcare,Indonesia.Batam.Kesehatan.202408050759.db,places,out_of_batam_bounds
2327,PUSTU SETONGGENG,3.0,1,0,Public medical center,[],"RVC4+PM4, Selat Mie, Moro, Karimun Regency, Riau Islands, Indonesia",[],,0.8217598,103.8566928,https://www.google.com/maps/place/PUSTU+SETONGGENG/data=!4m7!3m6!1s0x31d9c17af59ff81b:0x3ee3bdda922e896e!8m2!3d0.8217598!4d103.8566928!16s%2Fg%2F11t25625dm!19sChIJG_if9XrB2TERbokuktq94z4?authuser=0&hl=en&rclk=1,4.0,Healthcare,Indonesia.Batam.Kesehatan.202408050759.db,places,out_of_batam_bounds
2341,Posyandu Sri Purnama IV Sungai Raya,5.0,2,0,Medical office,,"R5MH+C64, Jl. Trans Barelang, Sembulang, Galang, Kota Batam, Kepulauan Riau 29481, Indonesia",[object Object],,0.8346883,104.1775641,https://www.google.com/maps/place/Posyandu+Sri+Purnama+IV+Sungai+Raya/data=!4m7!3m6!1s0x31d9a3003635f1d7:0x58ccfe44787acbb5!8m2!3d0.8346883!4d104.1775641!16s%2Fg%2F11y2qcyvgp!19sChIJ1_E1NgCj2TERtct6eET-zFg?authuser=0&hl=en&rclk=1,5.0,Healthcare,Indonesia.Batam.Kesehatan.202408050759.db,places,out_of_batam_bounds
2466,RSKI Galang,3.8,10,0,Hospital,,"P6W3+RH8, Jl. Trans Barelang, Sijantung, Galang, Kota Batam, Kepulauan Riau 29485, Indonesia",[object Object],,0.7470488,104.2039423,"https://www.google.com/maps/place/RSKI+Galang/@0.7470488,104.2039423,17z/data=!3m1!4b1!4m6!3m5!1s0x31d9a7cc7c7f362b:0xcbfe7f93780f5c2b!8m2!3d0.7470488!4d104.2039423!16s%2Fg%2F11mvfyv6sr?authuser=0&hl=en&entry=ttu",4.0,Healthcare,Indonesia.Batam.Kesehatan.202408050759.db,places,out_of_batam_bounds
2467,Galang Baru (Galang),0.0,0,0,Indonesia,,,[object Object],,0.6610442,104.2570364,https://www.google.com/maps/place/Galang+Baru/data=!4m7!3m6!1s0x31d9a9e6de67d7bb:0xacbdff3c883e0ad4!8m2!3d0.6610442!4d104.2570364!16s%2Fg%2F12hhhk079!19sChIJu9dn3uap2TER1Ao-iDz_vaw?authuser=0&hl=en&rclk=1,5.0,Healthcare,Indonesia.Batam.Kesehatan.202408050759.db,places,out_of_batam_bounds
2470,Pantai Elyora,4.5,965,0,Beach,,"Galang Baru, Galang, Batam City, Riau Islands 29487, Indonesia",[object Object],+62 822-8413-5838,0.6232613,104.285354,"https://www.google.com/maps/place/Pantai+Elyora/@0.6232613,104.285354,15z/data=!3m1!4b1!4m6!3m5!1s0x31d900823c068987:0x2eb5b0fd4bb5dbc2!8m2!3d0.6232613!4d104.285354!16s%2Fg%2F11f3l4x09f?authuser=0&hl=en&entry=ttu",4.0,Healthcare,Indonesia.Batam.Kesehatan.202408050759.db,places,out_of_batam_bounds
2488,Pulau Air Raja,4.7,70,0,Recreation center,,"X593+RHX, Air Raja, Galang, Batam City, Riau Islands, Indonesia",[object Object],+62 813-7870-9616,0.9696055,104.1539761,https://www.google.com/maps/place/Pulau+Air+Raja/data=!4m7!3m6!1s0x31d99bc9bf920bf5:0xe1ec23f7e077f8c7!8m2!3d0.9696055!4d104.1539761!16s%2Fg%2F11g9vs7lzs!19sChIJ9QuSv8mb2TERx_h34Pcj7OE?authuser=0&hl=en&rclk=1,5.0,Healthcare,Indonesia.Batam.Kesehatan.202408050759.db,places,out_of_batam_bounds
2496,Air Raja (Galang),0.0,0,0,Indonesia,,,[object Object],,0.9684532,104.1611302,"https://www.google.com/maps/place/Air+Raja,+Galang,+Batam+City,+Riau+Islands,+Indonesia/@0.9680375,104.1598515,15z/data=!3m1!4b1!4m6!3m5!1s0x31d99bc649aa477d:0xc319f2c38d2a1ba!8m2!3d0.9684532!4d104.1611302!16s%2Fg%2F12hhhbx2k?authuser=0&hl=en&entry=ttu",-1.0,Healthcare,Indonesia.Batam.Kesehatan.202408050759.db,places,out_of_batam_bounds
2509,Klinik Pratama Yonif 10 Marinir,5.0,3,0,Medical clinic,,"X339+38, Jl. Trans Barelang No.KM. 16, Pulau Setokok, Kec. Bulang, Kota Batam, Kepulauan Riau 29476, Indonesia",[object Object],+62 813-7819-2276,0.9526335,104.0683693,https://www.google.com/maps/place/Klinik+Pratama+Yonif+10+Marinir/data=!4m7!3m6!1s0x31d991d674eab08b:0xf4ec84c0e561484c!8m2!3d0.9526335!4d104.0683693!16s%2Fg%2F11v086jrrd!19sChIJi7DqdNaR2TERTEhh5cCE7PQ?authuser=0&hl=en&rclk=1,4.0,Healthcare,Indonesia.Batam.Kesehatan.202408050759.db,places,out_of_batam_bounds
2540,Poliklinik Desa Tj  Piayu,4.5,2,0,Medical clinic,,"X3MW+XPF, Kampung Tua, Tj. Piayu, Kec. Sei Beduk, Kota Batam, Kepulauan Riau, Indonesia",[object Object],,0.9849271,104.0968083,"https://www.google.com/maps/place/Poliklinik+Desa+Tj.+Piayu/@0.9849271,104.0968083,17z/data=!3m1!4b1!4m6!3m5!1s0x31d99083d6178ee1:0x6103a9208c643af!8m2!3d0.9849271!4d104.0968083!16s%2Fg%2F11c1wpft3s?authuser=0&hl=en&entry=ttu",4.0,Healthcare,Indonesia.Batam.Kesehatan.202408050759.db,places,out_of_batam_bounds
2665,Puskesmas galang,4.9,44,0,Public medical center,,"R7W5+7PQ, Sembulang, Galang, Batam City, Riau Islands 29481",[object Object],0813-1622-1508,0.8457238,104.2593493,https://www.google.com/maps/place/Puskesmas+galang/data=!4m7!3m6!1s0x31d9a05c2f31cf1b:0xc498db9a14e6db87!8m2!3d0.8457238!4d104.2593493!16s%2Fg%2F11bxfksx72!19sChIJG88xL1yg2TERh9vmFJrbmMQ?authuser=0&hl=en&rclk=1,5.0,Healthcare,Indonesia.Batam.Kesehatan.202408050759.db,places,out_of_batam_bounds
2667,Puskesmas Rempang Cate,4.8,50,0,Public medical center,,"W46C+V87, Rempang Cate, Galang, Batam City, Riau Islands 29482",[object Object],,0.912162,104.120804,"https://www.google.com/maps/place/Puskesmas+Rempang+Cate/@0.912162,104.120804,17z/data=!3m1!4b1!4m6!3m5!1s0x31d99835b3feb5e1:0xc242de88f3eca883!8m2!3d0.912162!4d104.120804!16s%2Fg%2F11c5h36fty?authuser=0&hl=en&entry=ttu",4.0,Healthcare,Indonesia.Batam.Kesehatan.202408050759.db,places,out_of_batam_bounds
2669,Klinik Hadi Rajo,4.6,23,0,Alternative medicine practitioner,,,[object Object],000000,-2.44565,117.8888,https://www.google.com/maps/place/Klinik+Hadi+Rajo/data=!4m7!3m6!1s0x31d98d9b4d0eb9af:0xe4747bcd7124930b!8m2!3d-2.44565!4d117.8888!16s%2Fg%2F11c1nywtch!19sChIJr7kOTZuN2TERC5Mkcc17dOQ?authuser=0&hl=en&rclk=1,0,Healthcare,Indonesia.Batam.Kesehatan.202408050759.db,places,out_of_batam_bounds
2670,Propolis Glucogen Fucosan Biocell Moment Batam,5.0,2,0,Vitamin & supplements store,,,[object Object],0812-2773-9699,-2.021847,104.6961085,"https://www.google.com/maps/place/Propolis,Glucogen,Fucosan,Biocell+Moment+Batam/data=!4m7!3m6!1s0x31d98f4286554bf7:0xd9a17f770bfd1103!8m2!3d-2.021847!4d104.6961085!16s%2Fg%2F11h70g6c8n!19sChIJ90tVhkKP2TERAxH9C3d_odk?authuser=0&hl=en&rclk=1",-1.0,Healthcare,Indonesia.Batam.Kesehatan.202408050759.db,places,out_of_batam_bounds
2672,Yayasan Sosialisasi Kanker Indonesia Batam Kanwil KEPRI,5.0,1,0,Health consultant,,,[object Object],0819-3917-3109,-2.44565,117.8888,https://www.google.com/maps/place/Yayasan+Sosialisasi+Kanker+Indonesia+Batam+Kanwil+KEPRI/data=!4m7!3m6!1s0x31d9890ee5068c15:0x6805c99d7fc98553!8m2!3d-2.44565!4d117.8888!16s%2Fg%2F11v10xz8z5!19sChIJFYwG5Q6J2TERU4XJf53JBWg?authuser=0&hl=en&rclk=1,0,Healthcare,Indonesia.Batam.Kesehatan.202408050759.db,places,out_of_batam_bounds
2700,Pondok Terapi Abu Fadhel,5.0,1,0,Physical therapist,,,[object Object],0852-6488-7881,0.837166,104.053115,https://www.google.com/maps/place/Pondok+Terapi+Abu+Fadhel/data=!4m7!3m6!1s0x4bcbb00c7ed45731:0x8ad46e8562bf72a8!8m2!3d0.837166!4d104.053115!16s%2Fg%2F11kqnpb4dw!19sChIJMVfUfgywy0sRqHK_YoVu1Io?authuser=0&hl=en&rclk=1,4.0,Healthcare,Indonesia.Batam.Kesehatan.202408050759.db,places,out_of_batam_bounds
2703,Depot Kangen Water & Machines and Fitness,5.0,2,0,Health consultant,,,"[{""day"": ""Wednesday"", ""hours"": ""08:30 - 20:30""}, {""day"": ""Thursday"", ""hours"": ""08:30 - 20:30""}, {""day"": ""Friday"", ""hours"": ""08:30 - 20:30""}, {""day"": ""Saturday"", ""hours"": ""08:30 - 20:30""}, {""day"": ""Sunday"", ""hours"": ""08:30 - 20:30""}, {""day"": ""Monday"", ""hours"": ""08:30 - 20:30""}, {""day"": ""Tuesday"", ""hours"": ""08:30 - 20:30""}]",0857-3812-9920,-8.4554714,115.071577,https://www.google.com/maps/place/Depot+Kangen+Water+%26+Machines+and+Fitness/data=!4m7!3m6!1s0x31d989414bea2263:0x911a3e4355f1139!8m2!3d-8.4554714!4d115.071577!16s%2Fg%2F11fmzrh03_!19sChIJYyLqS0GJ2TERORFfNeSjEQk?authuser=0&hl=en&rclk=1,0,Healthcare,Indonesia.Batam.Kesehatan.202408050759.db,places,out_of_batam_bounds
2704,Apotek Mikha Farma Batam,5.0,2,0,Pharmacy,,,[object Object],0822-6899-7332,0.837166,104.053115,https://www.google.com/maps/place/Apotek+Mikha+Farma+Batam/data=!4m7!3m6!1s0xa0589496e3a252f3:0x9df6e962d92bf571!8m2!3d0.837166!4d104.053115!16s%2Fg%2F11twhz668g!19sChIJ81Ki45aUWKARcfUr2WLp9p0?authuser=0&hl=en&rclk=1,-1.0,Healthcare,Indonesia.Batam.Kesehatan.202408050759.db,places,out_of_batam_bounds
2709,House SPA Batam,5.0,18,0,Massage therapist,,,[object Object],0895-6005-45903,1.8590169,102.9865955,"https://www.google.com/maps/place/House+SPA+Batam/@1.8590169,102.9865955,8z/data=!3m1!4b1!4m6!3m5!1s0x822060bf7f614315:0xe1a31d76cefdbd8c!8m2!3d1.8590169!4d102.9865955!16s%2Fg%2F11stb232z7?authuser=0&hl=en&entry=ttu",5.0,Healthcare,Indonesia.Batam.Kesehatan.202408050759.db,places,out_of_batam_bounds
2725,Perum Pondok Pratiwi 3 (DrWSkincare Stokis Batam Original),5.0,3,0,Housing authority,,,[object Object],,0.837166,104.053115,https://www.google.com/maps/place/Perum+Pondok+Pratiwi+3/data=!4m7!3m6!1s0x31d98bf679b16f1b:0xc8347d2d14e2837c!8m2!3d0.837166!4d104.053115!16s%2Fg%2F11g0sy1s0f!19sChIJG2-xefaL2TERfIPiFC19NMg?authuser=0&hl=en&rclk=1,4.0,Healthcare,Indonesia.Batam.Kesehatan.202408050759.db,places,out_of_batam_bounds
2745,Tempat Alamat Harga Manfaat Jual Kacamata Terapi K Ion Nano Minus Plus Rabun Katarak Glukoma Murah,5.0,22,0,Optometrist,,,[object Object],0858-3103-9077,-2.44565,117.8888,https://www.google.com/maps/place/Tempat+Alamat+Harga+Manfaat+Jual+Kacamata+Terapi+K+Ion+Nano+Minus+Plus+Rabun+Katarak+Glukoma+Murah/data=!4m7!3m6!1s0x31d989f2605d4a7d:0xb947a254cb77080f!8m2!3d-2.44565!4d117.8888!16s%2Fg%2F11gzmmkx25!19sChIJfUpdYPKJ2TERDwh3y1SiR7k?authuser=0&hl=en&rclk=1,0,Healthcare,Indonesia.Batam.Kesehatan.202408050759.db,places,out_of_batam_bounds
3030,Puskesmas Pembantu Rempang Cate,5.0,1,0,Hospital,,"W554+875, Rempang Cate, Galang, Batam City, Riau Islands 29482",[object Object],,0.9082607,104.1557399,https://www.google.com/maps/place/Puskesmas+Pembantu+Rempang+Cate/data=!4m7!3m6!1s0x31d99973f3f0697b:0xef1fd6c5791855dd!8m2!3d0.9082607!4d104.1557399!16s%2Fg%2F11fjmz_rd0!19sChIJe2nw83OZ2TER3VUYecXWH-8?authuser=0&hl=en&rclk=1,0.0,Healthcare,Indonesia.Batam.Kesehatan.202408050759.db,places,out_of_batam_bounds
3038,Kelurahan Karas  Kecamatan Galang Kota Batam,3.5,2,0,Government office,,"P6XH+29V, Karas, Galang, Batam City, Riau Islands 29485",[object Object],(061) 7980531,0.7560285,104.3220278,"https://www.google.com/maps/place/Kelurahan+Karas,+Kecamatan+Galang+Kota+Batam/data=!4m7!3m6!1s0x31d9085ac416d8ab:0x3a253f927192b6c1!8m2!3d0.7560285!4d104.3220278!16s%2Fg%2F11c67r0k2h!19sChIJq9gWxFoI2TERwbaScZI_JTo?authuser=0&hl=en&rclk=1",4.0,Healthcare,Indonesia.Batam.Kesehatan.202408050759.db,places,out_of_batam_bounds
3040,Puskesmas Galang Batam,4.6,9,0,Public medical center,,"R6J3+PV4, Sembulang, Galang, Batam City, Riau Islands 29481",[object Object],,0.8317529,104.204716,https://www.google.com/maps/place/Puskesmas+Galang+Batam/data=!4m7!3m6!1s0x31d9a17000000001:0x7e5c03e5ee912b45!8m2!3d0.8317529!4d104.204716!16s%2Fg%2F11b8c261j6!19sChIJAQAAAHCh2TERRSuR7uUDXH4?authuser=0&hl=en&rclk=1,5.0,Healthcare,Indonesia.Batam.Kesehatan.202408050759.db,places,out_of_batam_bounds
